INTL_00000000_000000	UTF-8-DOM問題迴避用
INTL_20160320_000001	副本,任務追加進場1次
INTL_20160320_000002	點擊滑鼠右鍵即可使用，從使用的時間點開始，對伺服器內所有角色套用60天優惠。{nl}[VIP效果]{nl} - 可同時修練2個特性技能{nl} - 市場販賣手續費率減少(30%{img white_right_arrow 16 16}10%){nl} - 市場販賣登錄道具數量5個{nl} - 角色移動速度+3{nl} - 消滅怪物經驗值+20%{nl}(可和經驗之書效果疊加){nl} - 可以使用優惠動作{nl} - 最大BUFF套用數量增加{nl} - 可進行個人交易60次{nl} - 地下城、任務追加進場1次
INTL_20160320_000003	點擊滑鼠右鍵即可使用，從使用的時間點開始，對伺服器內所有角色套用60天優惠。{nl}[VIP效果]{nl} - 可同時修練2個特性技能{nl} - 市場販賣手續費率減少(30%{img white_right_arrow 16 16}10%){nl} - 市場販賣登錄道具數量5個{nl} - 角色移動速度+3{nl} - 消滅怪物經驗值+30%{nl}(可和經驗之書效果疊加){nl} - 可以使用優惠動作{nl} - 最大BUFF套用數量增加{nl} - 可進行個人交易60次{nl} - 地下城、任務追加進場1次
INTL_20160323_000004	- 特性技能可以同時修練2個{nl} - 市場販賣手續費率減少(30%{img white_right_arrow 16 16}10%){nl} - 市場販賣登錄道具數量5個{nl} - 角色移動速度增加+3{nl} - 任務、副本追加進場1次{nl} - 最大Buff套用數量增加{nl} - 可以使用優惠動作{nl}
INTL_20160326_000005	點擊滑鼠右鍵即可使用，從使用的時間點開始，對伺服器內所有角色套用60天優惠。{nl}[VIP效果]{nl} - 可同時修練2個特性技能{nl} - 市場販賣手續費率減少(30%{img white_right_arrow 16 16}10%){nl} - 市場販賣登錄道具數量5個{nl} - 角色移動速度+3{nl} - 消滅怪物經驗值+20%{nl}(可和經驗之書效果疊加){nl} - 可以使用優惠動作{nl} - 最大BUFF套用數量增加{nl} - 可進行個人交易60次
INTL_20160326_000006	VIP 30天
INTL_20160329_000007	魔法賦予卷軸10個寶箱
INTL_20160329_000008	使用時，獲得魔法賦予卷軸10個。點擊滑鼠右鍵使用。
INTL_20160329_000009	擴音器10個寶箱
INTL_20160329_000010	使用時可獲得擴音器10個。點擊滑鼠右鍵使用。
INTL_20160419_000011	使用時可獲得455 TP。
INTL_20160419_000012	使用時可獲得266 TP。
INTL_20160419_000013	使用時可獲得112 TP。
INTL_20160419_000014	點擊滑鼠右鍵即可開啟並獲得箱子內容物。{nl} - 455 TP{nl} -VIP優惠(60天){nl} -頭飾-波波小獅王玩偶{nl} -頭飾-粉紅小花怪玩偶{nl} -霍克鷹寵物交換券{nl} -屬性 重置藥水{nl} -技能重置藥水{nl}
INTL_20160419_000015	點擊滑鼠右鍵即可開啟並獲得箱子內容物。{nl} - 266 TP{nl} - VIP優惠(30天){nl} - 頭飾-波波小獅王玩偶{nl}
INTL_20160425_000016	點擊滑鼠右鍵即可使用，從使用的時間點開始，對伺服器內所有角色套用60天優惠。{nl}[VIP效果]{nl} - 可立即修練特性{nl} - 市場販賣手續費率減少(30%{img white_right_arrow 16 16}10%){nl} - 市場販賣登錄道具數量5個{nl} - 角色移動速度+3{nl} - 消滅怪物經驗值+20%{nl}(可和經驗之書效果疊加){nl} - 可以使用優惠動作{nl} - 最大BUFF套用數量增加{nl} - 可進行個人交易60次
INTL_20160425_000017	點擊滑鼠右鍵即可使用，從使用的時間點開始，對伺服器內所有角色套用30天優惠。{nl}[VIP效果]{nl} - 可立即修練特性{nl} - 市場販賣手續費率減少(30%{img white_right_arrow 16 16}10%){nl} - 市場販賣登錄道具數量5個{nl} - 角色移動速度+3{nl} - 消滅怪物時經驗值+30%{nl}(可和經驗之書效果疊加){nl} - 可以使用優惠動作{nl} - 最大BUFF套用數量增加{nl} - 個人交易可進行30次{nl} - 任務、地下城追加進場1次
INTL_20160425_000018	點擊滑鼠右鍵即可使用，從使用的時間點開始，對伺服器內所有角色套用60天優惠。{nl}[VIP效果]{nl} - 可立即修練特性技能{nl} - 市場販賣手續費率減少(30%{img white_right_arrow 16 16}10%){nl} - 市場販賣登錄道具數量5個{nl} - 角色移動速度+3{nl} - 消滅怪物經驗值+30%{nl}(可和經驗之書效果疊加){nl} - 可以使用優惠動作{nl} - 最大BUFF套用數量增加{nl} - 可進行個人交易60次{nl} - 地下城、任務追加進場1次
INTL_20160426_000019	點擊滑鼠右鍵即可使用，從使用的時間點開始，對伺服器內所有角色套用60天優惠。{nl}[VIP效果]{nl} - 可立即修練特性{nl} - 市場販賣手續費率減少(30%{img white_right_arrow 16 16}10%){nl} - 市場販賣登錄道具數量9個{nl} - 角色移動速度+3{nl} - 消滅怪物經驗值+20%{nl}(可和經驗之書效果疊加){nl} - 可以使用優惠動作{nl} - 最大BUFF套用數量增加{nl} - 可進行個人交易60次
INTL_20160426_000020	點擊滑鼠右鍵即可使用，從使用的時間點開始，對伺服器內所有角色套用30天優惠。{nl}[VIP效果]{nl} - 可立即修練特性{nl} - 市場販賣手續費率減少(30%{img white_right_arrow 16 16}10%){nl} - 市場販賣登錄道具數量9個{nl} - 角色移動速度+3{nl} - 消滅怪物時經驗值+30%{nl}(可和經驗之書效果疊加){nl} - 可以使用優惠動作{nl} - 最大BUFF套用數量增加{nl} - 個人交易可進行30次{nl} - 任務、地下城追加進場1次
INTL_20160426_000021	點擊滑鼠右鍵即可使用，從使用的時間點開始，對伺服器內所有角色套用60天優惠。{nl}[VIP效果]{nl} - 可立即修練特性技能{nl} - 市場販賣手續費率減少(30%{img white_right_arrow 16 16}10%){nl} - 市場販賣登錄道具數量9個{nl} - 角色移動速度+3{nl} - 消滅怪物經驗值+30%{nl}(可和經驗之書效果疊加){nl} - 可以使用優惠動作{nl} - 最大BUFF套用數量增加{nl} - 可進行個人交易60次{nl} - 地下城、任務追加進場1次
INTL_20160512_000022	點擊滑鼠右鍵時就能夠使用，可以獲得組合物品。{nl} - 190 TP{nl} -VIP-贈送(15天){nl} -高濃縮HP/SP藥水20個{nl} -靈魂水晶 15個{nl} -擴音器15개{nl} -傳送卷軸15個{nl}
INTL_20160512_000023	使用後可獲得 190 TP。
INTL_20160512_000024	點擊滑鼠右鍵時就能夠使用，可以INTL_20160320_000001
INTL_20160728_000025	點擊滑鼠右鍵即可使用，從使用的時間點開始，對伺服器內所有角色套用30天優惠。{nl}[VIP效果]{nl} - 可同時修練2個特性技能{nl} - 市場販賣手續費率減少(30%{img white_right_arrow 16 16}10%){nl} - 市場販賣登錄道具數量9個{nl} - 角色移動速度+3{nl} - 消滅怪物時經驗值+30%{nl}(可和經驗之書效果疊加){nl} - 可以使用優惠動作{nl} - 個人交易可進行30次{nl} - 任務、地下城追加進場1次
INTL_20160728_000026	點擊滑鼠右鍵即可使用，從使用的時間點開始，對伺服器內所有角色套用60天優惠。{nl}[VIP效果]{nl} - 可立即修練特性{nl} - 市場販賣手續費率減少(30%{img white_right_arrow 16 16}10%){nl} - 市場販賣登錄道具數量9個{nl} - 角色移動速度+3{nl} - 消滅怪物經驗值+30%{nl}(可和經驗之書效果疊加){nl} - 可以使用優惠動作{nl} - 最大BUFF套用數量增加{nl} - 可進行個人交易60次{nl} - 地下城、任務追加進場1次
INTL_20160728_000027	點擊滑鼠右鍵即可使用，從使用的時間點開始，對伺服器內所有角色套用30天優惠。{nl}[VIP效果]{nl} - 可立即修練特性{nl} - 市場販賣手續費率減少(30%{img white_right_arrow 16 16}10%){nl} - 市場販賣登錄道具數量9個{nl} - 角色移動速度+3{nl} - 消滅怪物時經驗值+30%{nl}(可和經驗之書效果疊加){nl} - 可以使用優惠動作{nl} - 最大BUFF套用數量增加{nl} - 個人交易可進行30次{nl} - 任務、地下城追加進場1次
INTL_20160728_000028	點擊滑鼠右鍵即可使用，從使用的時間點開始，對伺服器內所有角色套用7天優惠。{nl}[VIP效果]{nl} - 可立即修練特性{nl} - 市場販賣手續費率減少(30%{img white_right_arrow 16 16}10%){nl} - 市場販賣登錄道具數量9個{nl} - 角色移動速度+3{nl} - 消滅怪物時經驗值+30%{nl}(可和經驗之書效果疊加){nl} - 可以使用優惠動作{nl} - 最大BUFF套用數量增加{nl} - 地下城、任務追加進場1次
INTL_20161107_000029	點擊滑鼠右鍵即可開啟並獲得箱子內容物。{nl} - 高濃縮HP藥水150個{nl} - 高濃縮SP藥水150個{nl} - 大王蜜松糕 20個{nl}- 定居支援藥水 20個{nl}- 即時副本掃盪劵 [★] 10個{nl}- 靈魂水晶 20個{nl}- 傳送卷軸 30個{nl}- 魔法賦予卷軸 10個{nl}- 技能重置藥水 1個{nl}- 屬性重置藥水 1個
INTL_20161114_000030	市場販賣銀幣價格延遲24小時
INTL_20161114_000031	VIP專用販賣銀幣款項1小時
INTL_20161114_000032	VIP專用販賣銀幣價格24小時
INTL_20161121_000033	點擊滑鼠右鍵即可開啟並獲得箱子內容物。{nl} - 高濃縮HP藥水 100個{nl} - 高濃縮SP藥水 100個{nl} - 大王蜜松糕 10個{nl}- 定居支援藥水 10個{nl}- 即時副本掃盪劵 [★] 5個{nl}- 技能重置藥水 1個{nl}- 屬性重置藥水 1個
INTL_20161214_000034	VIP使用者不受上/下限價格影響。
INTL_20161214_000035	VIP就算在市場交易後也可以繼續交易嗎?(1:可交易, 0:不可交易)
INTL_20170510_000036	點擊滑鼠右鍵即可開啟並獲得箱子內容物。{nl} - VIP:7天[限時]{nl} - 魔法賦予卷軸(限時) 10個{nl} - 表情符號 Plus 禮包 : 波波小獅王{nl}- 簡潔套裝箱子{nl}- 芭蕉扇(30天){nl} - 赤紅貝雷帽{nl} - 亮鮭紅染色藥{nl} - 緋紅隱形眼鏡{nl} - 定居支援藥水 Lv2 10個{nl} -凱伊托恢復藥水Lv2 20個
INTL_20170605_000037	為無名女王所製造的王冠。{nl} 可以到回收商店用代幣交換。
INTL_20170605_000038	以軸為重心轉動，纏繞長條高彈性的材質對後，利用轉動的力量創造出動力的裝置。{nl}可以到回收商店用代幣交換。
INTL_20170605_000039	可以很快速地烤麵包的工具。{nl} 可以到回收商店用代幣交換。
INTL_20170605_000040	這個世界傳遞情報的最新技能。{nl} 可以到回收商店用代幣交換。
INTL_20170703_000041	脖子可以轉270度。{nl} 可以到回收商店用代幣交換。
INTL_20170703_000042	雕刻師所製作的可以戴的世界樹雕刻頭飾。{nl} 可以到回收商店用代幣交換。
INTL_20170728_000043	斯巴達!!!!!{nl} 可以到回收商店用代幣交換。
INTL_20170925_000044	Applies Token benefits to all your characters in the server for 30 days. Right-click to use.{nl}[Token Benefits]{nl} - Able to learn attributes instantaneously{nl} - Reduced Market commission fee (30% {img white_right_arrow 16 16} 10%){nl} - Able to list up to 10 items on the Market{nl} - +3 increased character movement{nl} - +30% EXP from hunting monsters{nl} - Able to use Premium Gestures{nl} - Increased maximum buff count{nl} - Able to use Personal Trade up to 30 times{nl} - 1 extra instance entry for missions and dungeons
INTL_20170925_000045	Applies Token benefits to all your characters in the server for 30 days. Right-click to use.{nl}[Token Benefits]{nl} - Able to learn attributes instantaneously{nl} - Reduced Market commission fee (30% {img white_right_arrow 16 16} 10%){nl} - Able to list up to 10 items on the Market{nl} - +3 increased character movement{nl} - +30% EXP from hunting monsters{nl} - Able to use Premium Gestures{nl} - Increased maximum buff count{nl} - Able to use Personal Trade up to 30 times{nl} - 1 extra instance entry for missions and dungeons
INTL_20170925_000046	Grants Token benefits to all your characters in the server for 60 days. Right-click to use.{nl}[Token Benefits]{nl} - Able to learn up to 2 attributes simultaneously{nl} - Reduced Market commission fee (30% {img white_right_arrow 16 16} 10%){nl} - Able to list up to 10 items on the Market{nl} - +3 increased character movement speed{nl} - +30% EXP from hunting monsters{nl}(Stacks with the EXP Tome effect){nl} - Able to use Premium Gestures{nl} - Increased maximum buff count{nl} - Able to use Personal Trade up to 60 times{nl} - 1 extra instance entry for missions and dungeons
INTL_20170925_000047	Applies Token benefits to all your characters in the server for 7 days. Right-click to use.{nl}[Token Benefits]{nl} - Able to learn attributes instantaneously{nl} - Reduced Market commission fee (30% {img white_right_arrow 16 16} 10%){nl} - Able to list up to 10 items on the Market{nl} - +3 increased character movement{nl} - +30% EXP from hunting monsters{nl} - Able to use Premium Gestures{nl} - Increased maximum buff count{nl} - 1 extra instance entry for missions and dungeons
INTL_20171013_000048	Special Transformation Scroll
INTL_20171013_000049	A scroll that lets the user transform.
INTL_20171013_000050	可以選擇315制武器裝備。
INTL_20171023_000051	點擊滑鼠右鍵即可開始並獲得內容物。{nl} - 小狗汽球{nl} - 鑽石鐵砧{nl} - 黃金鐵砧 3個{nl}- 銀光鐵砧 3個{nl}- 強化銀幣折扣劵 : 10萬銀幣10個{nl} - 特性點數 1,000{nl} - 高濃縮HP藥水 20個{nl} - 高濃縮SP藥水 20個{nl} - 定居支援藥水Lv2 10個{nl} - 女神的雕像 5個{nl} - 高濃縮移動速度增加藥水 5個
INTL_20171103_000052	生存獎勵魔方
INTL_20171205_000053	- 可立即修練特性{nl} - 市場販賣手續費率減少(30%{img white_right_arrow 16 16}10%){nl} - 市場販賣登錄道具數量10個{nl} - 角色移動速度+3{nl} - 任務、副本追加進場1次{nl} - 可以使用優惠動作{nl}
INTL_20171205_000054	點擊滑鼠右鍵即可使用，從使用的時間點開始，對伺服器內所有角色套用30天優惠。{nl}[VIP效果]{nl} - 可立即修練特性{nl} - 市場販賣手續費率減少(30%{img white_right_arrow 16 16}10%){nl} - 市場販賣登錄道具數量10個{nl} - 角色移動速度+3{nl} - 消滅怪物經驗值+30%{nl}(可和經驗之書效果疊加){nl} - 可使用隊伍倉庫{nl} - 可以使用優惠動作{nl} - 個人交易可進行30次{nl} - 莎勒斯修女院任務完成獎勵 +1{nl} - 團隊遠征地下城進場道具消耗數量 -2
INTL_20171222_000055	怪物卡片冊箱子
INTL_20171222_000056	點擊滑鼠右鍵即可開啟並獲得箱子內容物。{nl} - 怪物卡片冊 : 紅色 x1{nl} - 怪物卡片冊 : 藍色 x1{nl} - 怪物卡片冊 : 綠色 x1{nl} - 怪物卡片冊 : 紫色 x1
INTL_20180102_000057	Title - 2018 Happy New Year
INTL_20180102_000058	A key given to participants of the 2018 Happy New Year Wishes Greetings event.{nl}It looks like it could open Gold Bars.
INTL_20180108_000059	A key given to participants of the 2018 Happy New Year Wishes Greetings event.{nl}It looks like it could open a kind of vault.
INTL_20180108_000060	Received one Lucky Key from the Facebook event!{nl}(December 28, 2017 to January 9, 2018)
INTL_20180108_000061	Vault
INTL_20180115_000062	Title given to winners of the Rank Update: 4 New Classes Edition! fanart festival.
INTL_20180115_000063	Title - New Class Artist
INTL_20180115_000064	Title given to winners of the Rank Update: 4 New Classes Edition! fanart festival. Right-click to use.
INTL_20180122_000065	Goro Box
INTL_20180123_000066	家門的榮光 1階段
INTL_20180123_000067	消滅怪物獲得經驗值 +20%
INTL_20180123_000068	家門的榮光 2階段
INTL_20180123_000069	消滅怪物獲得經驗值 +40%
INTL_20180123_000070	家門的榮光 3階段
INTL_20180123_000071	消滅怪物獲得經驗值 +60%
INTL_20180123_000072	家門的榮光 4階段
INTL_20180123_000073	消滅怪物獲得經驗值 +80%
INTL_20180123_000074	家門的榮光 5階段
INTL_20180202_000075	少女的心意
INTL_20180202_000076	有著甜甜的味道，可以讓腦袋清晰的巧克力。使用時在60分鐘經驗值增加50%。
INTL_20180214_000077	冬季將盡
INTL_20180214_000078	消滅怪物時獲得經驗值 +30%
INTL_20180214_000079	冬季鑰匙
INTL_20180214_000080	可以在冬季企鵝活動中使用的鑰匙。{nl}(活動結束時統一刪除。)
INTL_20180214_000081	冰錐(14天)
INTL_20180214_000082	冰錐的冰融化之後，裡面會有什麼呢?{nl}(冰錐只能在木柴周圍使用。)
INTL_20180214_000083	只要收集10把冬季鑰匙就送你「冬季企鵝」。{nl}(冬季鑰匙可以在冬季企鵝活動中獲得。)
INTL_20180214_000084	正在進行冬季企鵝活動。{nl}參與活動可以得到冬季禮物和Buff，還有人見人愛的冬季企鵝。
INTL_20180214_000085	只要收集10把冬季鑰匙就送你「冬季企鵝」。{nl}(到活動佈告欄領取冬季企鵝活動的禮物吧!)
INTL_20180214_000086	使用冬季鑰匙可以獲得追加獎勵。{nl}(每個冬季鑰匙都有1次的追加獎勵。)
INTL_20180214_000087	已存在的Buff。
INTL_20180214_000088	太早了。
INTL_20180214_000089	冬季企鵝活動
INTL_20180214_000090	獲得冬季企鵝活動BUFF
INTL_20180214_000091	獲得冬季企鵝活動禮物
INTL_20180214_000092	Weekend EXP Helper
INTL_20180219_000093	Demon Prison Guild (Recommended Lv : 115){nl}Only you and your party members can enter together.{nl}Are you sure you want to enter?
INTL_20180219_000094	Fallen Legwyn Family (Recommended Lv : 230){nl}Only you and your party members can enter together.{nl}Are you sure you want to enter?
INTL_20180219_000095	Castle Underground (Recommended Lv : 300){nl}Only you and your party members can enter together.{nl}Are you sure you want to enter?
INTL_20180219_000096	EXP Helper
INTL_20180305_000097	 {nl}{CUBE} 使用次數 ： {@st66d_y}{s18}{SUM}{/}{/}{nl}之後每使用{@st66d_y}{s18}{COUNT}{/}{/}次時，可以獲得第{@st66d_y}{s18}{BOUNS}{/}{/}次獎勵。{nl}現在可以獲得{@st66d_y}{s18}{REWARD}{/}{/} 次獎勵。{nl}您要領取嗎？
INTL_20180305_000098	 {nl}{CUBE} 使用次數 ： {@st66d_y}{s18}{SUM}{/}{/}{nl}之後每使用{@st66d_y}{s18}{COUNT}{/}{/}次時，可以獲得第{@st66d_y}{s18}{BOUNS}{/}{/}次獎勵。  
INTL_20180305_000099	紅利魔方
INTL_20180312_000100	Title given to winners of the 2nd Anniversary fanart event.
INTL_20180312_000101	Title - Happy 2nd Anniversary!
INTL_20180312_000102	Ttitle given to winners of the 2nd Anniversary fanart event. Right-click to use.
INTL_20180312_000103	{nl}You've been assigned to team {@st66d_y}{s18}{TEAM}{/}{/}.{nl}Defeat monsters to collect {@st66d_y}{s18}{ITEM}s{/}{/}.
INTL_20180312_000104	Item Exchange
INTL_20180312_000105	Vaivora's Team Challenge
INTL_20180312_000106	活動 BUFF
INTL_20180316_000107	The power of the firecracker has spread to all party members.
INTL_20180316_000108	閃亮的戰鬥鴉雀蛋
INTL_20180316_000109	2nd Anniversary Firecracker
INTL_20180316_000110	2nd Anniversary Event item.{nl}Increases movement speed +4, AoE attack ratio +1 and EXP gains +25% of all party members for 30 minutes.
INTL_20180316_000111	Event Warp Scroll -  Start 2nd Anniversary Event
INTL_20180316_000112	An event Warp Scroll.{nl}Use it to move to the 2nd Anniversary Event NPC.
INTL_20180316_000113	Steam 2nd Anniversary Arm Band
INTL_20180316_000114	An arm band accessory celebrating 2 years of TOS on Steam.
INTL_20180316_000115	Smiley Orange
INTL_20180316_000116	GM Orange's little orange friend. This peculiar orange is known for its many expressions, which makes some people think it was affected by Medzio Diena.
INTL_20180316_000117	Sardine Coffee
INTL_20180316_000118	GM Papaya's coffee cup. Although it contains coffee (and a sardine), the cup's contents never spill, much to the amusement of onlookers.
INTL_20180316_000119	Spiral Glasses
INTL_20180316_000120	Dr. No's famous spiral glasses. Wear them with a can of Red Ox in your hand for the best results. Side effects: May cause dizziness.
INTL_20180316_000121	閃亮的戰鬥鴉雀禮包
INTL_20180316_000122	點擊滑鼠右鍵使用可以獲得以下內容物。{nl} - 閃亮的戰鬥鴉雀蛋{nl} - 鴉雀飼料 50個
INTL_20180316_000123	閃亮的企鵝禮包
INTL_20180316_000124	點擊滑鼠右鍵使用可以獲得以下內容物。{nl} - 閃亮的企鵝蛋{nl} - 沙丁魚 50個
INTL_20180316_000125	Right-click to use and obtain the items.{nl} - Steam 2nd Anniversary Arm Ban x1d{nl} - Leaf Penguin Egg x1{nl} - Enhancement Coupon: 100,000 Silver x10{nl}- Attribute Points: 1,000 x1{nl}- Event Warp Scroll - Start 2nd Anniversary Event x1{nl}- Highly Condensed HP Potion x20{nl}- Highly Condensed SP Potion x20{nl}- Lv2 Settlement Support Potion x10{nl}- 2nd Anniversary Firecracker x5{nl}- Goddess Statue x5{nl}- Highly Condensed Movement Speed Potion x5{nl}- Token: 15 Days [Event]
INTL_20180326_000126	List of Invited Masters
INTL_20180326_000127	This document lists all the Class Masters invited to TOS' 2nd anniversary celebrations.{nl}(Will be deleted at the end of the event.)
INTL_20180326_000128	An event Warp Scroll.{nl}Use it to move to the 2nd Anniversary Event NPC.
INTL_20180326_000129	Title - Honorary TPP Reporter
INTL_20180326_000130	A title given to honorary reporters of The Popolion Post. Right-click to use.
INTL_20180402_000131	A cute balloon puppy. Be careful around spiky things with it.
INTL_20180402_000132	Daemon State Record Y/N [True:1, False:0]
INTL_20180406_000133	賦予找到[活動]啟示的救世者的稱號，點擊滑鼠右鍵即可使用。
INTL_20180406_000134	[活動]第一個啟示
INTL_20180406_000135	啟示活動道具。{nl}可以在活動佈告欄用活動道具交換稱號。
INTL_20180406_000136	稱號 - [EVENT]Crystal Mine Revelation
INTL_20180406_000137	"Please retrieve the ""Crystal Mine Revelator"" title first."
INTL_20180406_000138	獲得稱號
INTL_20180406_000139	獲得BUFF
INTL_20180406_000140	第一個世界觀活動：水晶礦山
INTL_20180418_000141	讓耐力恢復30。{nl}可使用目錄{nl} - 貝哈伊勒 {nl} - 霍克鷹 {nl} - 綠企鵝 {nl}- 小豬 {nl} - 拉克斯頓 {nl} - 犰狳 {nl} - 金剛天狗 {nl} - 特務零零八
INTL_20180420_000142	佩迪米安守護魔方
INTL_20180420_000143	送給守護佩迪米安的救援者的獎勵。
INTL_20180503_000144	[Survey Event]{nl}   Prize Manager
INTL_20180514_000145	Rainbow Trek
INTL_20180514_000146	Unable to use skills.{nl}Returning to the city map in 60 minutes.
INTL_20180514_000147	特性點數箱 S級 (3個)
INTL_20180514_000148	裝著3個S級特性點數的箱子，點擊滑鼠右鍵即可開啟並獲得道具。
INTL_20180514_000149	匠人的鑽石鐵砧箱
INTL_20180514_000150	裝有5個鑽石鐵砧的箱子，點擊滑鼠右鍵即可開啟並獲得道具。
INTL_20180514_000151	匠人的武器秘密製作書箱 (Lv. 315)
INTL_20180514_000152	可以選擇用少的材料製作315武器的秘密製作書，點擊滑鼠右鍵即可使用。
INTL_20180514_000153	匠人的武器秘密製作書-艾布都查單手劍
INTL_20180514_000154	匠人的武器秘密製作書-薩克米斯
INTL_20180514_000155	匠人的武器秘密製作書-斯寇史梅修
INTL_20180514_000156	匠人的武器秘密製作書-里加德角法杖
INTL_20180514_000157	匠人的武器秘密製作書-榮耀之心
INTL_20180514_000158	匠人的武器秘密製作書-骷髏粉碎者
INTL_20180514_000159	匠人的武器秘密製作書-艾蒙加德匕首
INTL_20180514_000160	匠人的武器秘密製作書-云夏德矛槍
INTL_20180514_000161	匠人的武器秘密製作書-里加德角長槍
INTL_20180514_000162	匠人的武器秘密製作書-黑色魂魄
INTL_20180514_000163	匠人的武器秘密製作書-里加德角十字弓
INTL_20180514_000164	匠人的武器秘密製作書-阿斯特拉弓
INTL_20180514_000165	匠人的武器秘密製作書-亞斯帕娜左輪手槍
INTL_20180514_000166	匠人的武器秘密製作書-艾蒙加德火槍
INTL_20180514_000167	匠人的武器秘密製作書-艾蒙加德重砲
INTL_20180514_000168	匠人的武器秘密製作書-艾蒙加德之盾
INTL_20180523_000169	Grants Token benefits to all your characters in the server for 60 days. See remaining time under Character Info.{nl}[Token Benefits]{nl} - Able to learn attributes instantaneously{nl} - Reduced Market commission fee (30% {img white_right_arrow 16 16} 10%){nl} - Able to list up to 10 items on the Market{nl} - Able to register items in Market outside min./max. price limits{nl} - Able to retrieve Market silver instantaneously{nl}- Movement speed +3{nl} - +50% EXP from hunting monsters{nl}(Stacks with EXP Tome effects){nl}- Team Storage slots +30{nl} - Able to use Premium Gestures{nl} - Able to use Personal Trade up to 60 times
INTL_20180523_000170	Grants Token benefits to all your characters in the server for 7 days. See remaining time under Character Info.{nl}[Token Benefits]{nl} - Able to learn attributes instantaneously{nl} - Reduced Market commission fee (30% {img white_right_arrow 16 16} 10%){nl} - Able to list up to 10 items on the Market{nl} - Able to register items in Market outside min./max. price limits{nl} - Able to retrieve Market silver instantaneously{nl}- Movement speed +3{nl} - +50% EXP from hunting monsters{nl}(Stacks with EXP Tome effects){nl}- Team Storage slots +30{nl} - Able to use Premium Gestures
INTL_20180525_000171	Use to obtain the following costumes.{nl} - The Invited One Costume (Male){nl} - The Invited One Costume (Female)
INTL_20180615_000172	A title given to the most creative TPP players. Right-click to use.
INTL_20180615_000173	Cursed Spirit Owner
INTL_20180615_000174	Cursed Spirit
INTL_20180615_000175	Show it to the Dispatched Soldier to enter the area of the Cursed Altar.{nl}Alternatively, use to increase movement speed +2, physical attack +50 and magic attack +50 for 10 mins.
INTL_20180615_000176	You can't go past this point without a Cursed Spirit.
INTL_20180615_000177	Cursed Spirits come from the monsters that roam around this place. Good luck getting one.
INTL_20180615_000178	Voice in the Distance
INTL_20180615_000179	The Stone Whale can only be awakened through a Cursed Spirit...
INTL_20180615_000180	I have a Cursed Spirit.
INTL_20180615_000181	{Name} has awakened the Cursed Stone Whale.
INTL_20180723_000182	Title given to awarded contestants of the 2018 Summer fanart festival. Right-click to use.
INTL_20180809_000183	A title given to event participants. Right-click to use.
INTL_20180809_000184	EXP +100%, movement speed +3, max. HP increase{nl}HP, SP and Stamina recovery, AoE attack ratio +2
INTL_20180809_000185	EXP +100%, movement speed +3, Looting Chance +100{nl}HP, SP and Stamina recovery
INTL_20180809_000186	[Event] Unlock Voucher Selection Box
INTL_20180809_000187	Hidden Class Unlock Voucher Box {nl} List of Unlockable Classes {nl} - Shinobi Unlock Voucher {nl} - Miko Unlock Voucher {nl} - Rune Caster Unlock Voucher {nl} - Appraiser Unlock Voucher {nl} - Nak Muay Unlock Voucher{nl}Will be automatically deleted at the end of the event period.
INTL_20180809_000188	[Event] Lv 350 Enhanced/Transcended Weapon Selection Box
INTL_20180809_000189	Use to select a Rare Lv 350 weapon enhanced to +11 and transcended to Stage 5.{nl}Enhancement and transcendence apply after the weapon is selected.{nl}The box will be automatically deleted at the end of the event period.
INTL_20180809_000190	A title given to event participants. Right-click to use.
INTL_20180809_000191	[Friend] Berthas Raffye Sword
INTL_20180809_000192	[Friend] Berthas Raffye Two-handed Sword
INTL_20180809_000193	[Friend] Berthas Raffye Rod
INTL_20180809_000194	[Friend] Berthas Raffye Bow
INTL_20180809_000195	[Friend] Berthas Raffye Crossbow
INTL_20180809_000196	[Friend] Berthas Raffye Mace
INTL_20180809_000197	[Friend] Berthas Raffye Two-handed Mace
INTL_20180809_000198	[Friend] Berthas Raffye Shield
INTL_20180809_000199	[Friend] Berthas Raffye Spear
INTL_20180809_000200	[Friend] Berthas Raffye Pike
INTL_20180809_000201	[Friend] Berthas Raffye Dagger
INTL_20180809_000202	[Friend] Berthas Raffye Staff
INTL_20180809_000203	[Friend] Berthas Raffye Pistol
INTL_20180809_000204	[Friend] Berthas Raffye Rapier
INTL_20180809_000205	[Friend] Berthas Raffye Cannon
INTL_20180809_000206	[Friend] Berthas Raffye Musket
INTL_20180809_000207	[Event] Miko Unlock Voucher
INTL_20180809_000208	Use to unlock the Miko class after reaching Rank 6. Right-click to use.{nl}Will be automatically deleted at the end of the event period.
INTL_20180809_000209	[Event] Appraiser Unlock Voucher
INTL_20180809_000210	Use to unlock the Appraiser class after reaching Rank 5. Right-click to use.{nl}Will be automatically deleted at the end of the event period.
INTL_20180809_000211	[Event] Rune Caster Unlock Voucher
INTL_20180809_000212	Use to unlock the Rune Caster class after reaching Rank 6. Right-click to use.{nl}Will be automatically deleted at the end of the event period.
INTL_20180809_000213	[Event] Shinobi Unlock Voucher
INTL_20180809_000214	Use to unlock the Shinobi class after reaching Rank 7. Right-click to use.{nl}Will be automatically deleted at the end of the event period.
INTL_20180809_000215	[Event] Nak Muay Unlock Voucher
INTL_20180809_000216	Use to unlock the Nak Muay class after reaching Rank 7. Right-click to use.{nl}Will be automatically deleted at the end of the event period.
INTL_20180809_000217	2018 Leticia's Treasure Chest (Season 1)
INTL_20180809_000218	Invite a Friend Event Helper
INTL_20180809_000219	The Invite a Friend event is now open!{nl}Login with your friend to receive buffs and rewards!
INTL_20180809_000220	You are not eligible for the event.
INTL_20180809_000221	Team {#003399}{team}{/} contains no characters of level 50 or above.
INTL_20180809_000222	Receive {#003399}{team}{/}'s Support
INTL_20180809_000223	{#003399}{team}{/} is now online.{nl}Buff applied.
INTL_20180809_000224	Invite a Friend' Helper
INTL_20180817_000225	[Event] Enhanced/Transcended Weapon Selection Box (14 Days)
INTL_20180817_000226	Use at level 230 and above to select a Lv 315 Rare weapon (30 Days) enhanced to +10 and transcended to Stage 3.{nl}(Enhancement and transcendence are applied after the item is selected.)
INTL_20180817_000227	[Return] Abdochar (30 Days)
INTL_20180817_000228	[Return] Sarkmis (30 Days)
INTL_20180817_000229	[Return] Skull Smasher (30 Days)
INTL_20180817_000230	[Return] Regard Horn Staff (30 Days)
INTL_20180817_000231	[Return] Heart of Glory (30 Days)
INTL_20180817_000232	[Return] Skull Breaker (30 Days)
INTL_20180817_000233	[Return] Emengard Dagger (30 Days)
INTL_20180817_000234	[Return] Wingshard Spear (30 Days)
INTL_20180817_000235	[Return] Regard Horn Pike (30 Days)
INTL_20180817_000236	[Return] Black Horn (30 Days)
INTL_20180817_000237	[Return] Regard Horn Crossbow (30 Days)
INTL_20180817_000238	[Return] Astra Bow (30 Days)
INTL_20180817_000239	[Return] Aspana Revolver (30 Days)
INTL_20180817_000240	[Return] Emengard Cannon (30 Days)
INTL_20180817_000241	[Return] Emengard Musket (30 Days)
INTL_20180817_000242	[Return] Emengard Shield (30 Days)
INTL_20180828_000243	A title given to Game Guide Creators. Right-click to use.	Game Guide Creator
INTL_20180903_000244	{ds}{b}{#ffefd6}30 min: {#fe7e00}10 POINTS
INTL_20180903_000245	Please try again.
INTL_20180903_000246	Failed to purchase item. Please try again.
INTL_20180903_000247	Not enough Popo Points.
INTL_20180907_000248	Mongo DB上是否會使用特定系統訊息儲存/log功能
INTL_20180914_000249	Combat Support Shop Voucher (14 Days)
INTL_20180914_000250	Opens a shop where you can purchase potions, skill consumables and other useful items.
INTL_20180914_000251	Combat Support Shop Voucher
INTL_20180914_000252	2018 Leticia's Treasure Chest (Season 2)
INTL_20180928_000253	A title given to winners of the 2018 Halloween fan art contest. Right-click to use.	
INTL_20181026_000254	Would you select a 10-time participation reward?
INTL_20181026_000255	Skill Reset Potion (14 Days) and Latte Art: Bunny
INTL_20181026_000256	Skill Reset Potion (14 Days) and Latte Art: Kitty
INTL_20181104_000257	2018 Leticia's Treasure Chest (Season 3)
INTL_20181111_000258	Unique Talt
INTL_20181111_000259	Can be exchanged for an equipment item at the Talt Processing Device.
INTL_20181111_000260	Unique Unidentified Two-handed Weapon Box
INTL_20181111_000261	Select and obtain one Lv. 380 unidentified equipment item.{nl}The item will not be timed or include any trading restrictions.
INTL_20181111_000262	Unique Unidentified One-handed Weapon Box
INTL_20181111_000263	Unique Unidentified Top Armor Box
INTL_20181111_000264	Unique Unidentified Bottom Armor Box
INTL_20181111_000265	Unique Unidentified Gloves Box
INTL_20181111_000266	Unique Unidentified Boots Box
INTL_20181111_000267	Function compiling tracing data when the ZoneServer FPS drops below 2 frames
INTL_20181116_000268	A title given to winners of the TOS weapon design event. Right-click to use.
INTL_20181116_000269	Talt Processing Device
INTL_20181211_000270	Use to receive one random Lv 380 Primus armor item.
INTL_20181211_000271	Use to receive one random Lv 380 Primus weapon/subweapon item.
INTL_20181229_000272	2018 Leticia's Treasure Chest (Season 4)				
INTL_20190102_000273	{@st66b}Collection			
INTL_20190104_000274	Title given to winners of the New Year's fan art event. Right-click to use.
INTL_20190112_000275	This item can only be used to change the appearance of another.{nl}Does not consume Silver when used as appearance material.{nl}Can be exchanged for Medals at the Exchange Shop.{nl}(This costume was designed by Lunmairetic from [SA] Silute.)
INTL_20190216_000276	PP Shop 100 Points Voucher
INTL_20190216_000277	Use to obtain 100 Popo Points.{nl} - Used only during Popo Point Shop event periods.
INTL_20190216_000278	PP Shop 500 Points Voucher
INTL_20190216_000279	Use to obtain 500 Popo Points.{nl} - Used only during Popo Point Shop event periods.
INTL_20190216_000280	PP Shop 1,000 Points Voucher
INTL_20190216_000281	Use to obtain 1,000 Popo Points.{nl} - Used only during Popo Point Shop event periods.
INTL_20190216_000282	HP Potion (1 Day)
INTL_20190216_000283	Instantly restores 40% of max. HP. {nl}Additionally restores another 40% of HP every 2 seconds over 11 seconds. {nl}Right-click to use. Cooldown of 20 seconds.
INTL_20190216_000284	HP Potion (7 Days)
INTL_20190216_000285	Instantly restores 40% of max. SP. {nl}Additionally restores another 40% of SP every 2 seconds over 11 seconds. {nl}Right-click to use. Cooldown of 20 seconds.
INTL_20190216_000286	SP Potion (1 Day)
INTL_20190216_000287	SP Potion (7 Days)
INTL_20190216_000288	Recipe - HP Potion (1 Day)
INTL_20190216_000289	Recipe - HP Potion (7 Days)
INTL_20190216_000290	Recipe - SP Potion (1 Day)
INTL_20190216_000291	Recipe - SP Potion (7 Days)
INTL_20190219_000292	A recipe that allows you to craft an item.
INTL_20190219_000293	Can be used only during Popo Point Shop events.
INTL_20190219_000294	You cannot exceed {MAX} points.
INTL_20190228_000295	Festival Firecracker
INTL_20190228_000296	Fireworks for Everyone
INTL_20190228_000297	You can exchange Festival Firecrackers for useful items at the Event Notice Board.{nl}(Using a Firecracker applies movement speed +2, physical attack +50 and magic attack +50 for 10 minutes.)
INTL_20190228_000298	Festival Costume Selection Box
INTL_20190228_000299	Contains a Festival Costume of your choice (Male/Female).
INTL_20190228_000300	Male Festival Costume (30 Days)
INTL_20190228_000301	A fancy outfit to wear to a festival. Use to change your appearance.
INTL_20190228_000302	Female Festival Costume (30 Days)
INTL_20190228_000303	A fancy outfit to wear to a festival. Use to change your appearance.
INTL_20190228_000304	Wear your Festival Costume during the event period and defeat monsters to collect Festival Firecrackers.{nl}Then, bring me the Firecrackers and exchange them for other items!{nl}You can also use the Firecrackers around me to get the Fireworks for Everyone buff.
INTL_20190228_000305	Applying the Fireworks for Everyone buff in {SEC} second(s).
INTL_20190228_000306	Fireworks for Everyone is now active!
INTL_20190228_000307	Wear your Festival Costume and use a Festival Firecracker to apply the Fireworks for Everyone buff as well.
INTL_20190305_000308	Receive special items and buffs during the event period!{nl}Attendance rewards: March 13-17, 2019{nl}Weekend 24-hour buff: March 16-17 and March 23-24, 2019
INTL_20190309_000309	Wake Up Special Premium Package
INTL_20190309_000310	Wake Up Special Premium Package x10+1
INTL_20190316_000311	Receive Chocolates
INTL_20190316_000312	The event isn't open right now.
INTL_20190322_000313	A title given to winners of the content creator event. Right-click to use.	Content Creator
INTL_20190322_000314	A title given to winners of TOS' anniversary event. Right-click to use.
INTL_20190405_000315	花瓣
INTL_20190405_000316	收集花瓣時會帶來好運
INTL_20190405_000317	花之路魔方
INTL_20190405_000318	環紋花色妖精選擇箱
INTL_20190405_000319	A box containing a Frill Ornament Fairy Costume of your choice (Male or Female). Right-click to use.
INTL_20190405_000320	需要收集花瓣 x5.
INTL_20190405_000321	You can receive a Cherry Blossom Hairpin for your first five Flower Petals. For your next five Flower Petals, you can receive a Tricolor Treat Hairpin.
INTL_20190405_000322	花之路活動
INTL_20190419_000323	Check Speedhack Usage
INTL_20190501_000324	A title given to winners of the Guide Master Event. Right-click to use.
INTL_20190611_000325	Mystery Cube (Male)
INTL_20190611_000326	Mystery Cube (Female)
INTL_20190611_000327	Mystery Cube(Male) x10+1
INTL_20190611_000328	Mystery Cube (Female)) x10+1
INTL_20190628_000329	Class Change Voucher Lv. 4 (1 Day){nl}Stat Reset Potion (1 Day){nl}You can receive 3 of each every day during the event period.
INTL_20190715_000330	Title - My Buddy Chupacabra
INTL_20190715_000331	Title given to participants of the My Buddy Chupacabra event. Right-click to use.
INTL_20190715_000332	Obtain special items during the event period.{nl}Refer to the event banner for details.
INTL_20190723_000333	A special type of bait used for fishing. Using it as bait to fish gives you a chance of catching [Event] Hidden Treasure Chest, Silver Fish and Small Silver Fish.
INTL_20190820_000334	[週末狂熱] 經驗值增加
INTL_20190820_000335	經驗值增加 +100%
INTL_20190820_000336	[週末狂熱] 移動速度增加
INTL_20190820_000337	佩狄米安的鐵匠戴利亞貝利斯要求的特殊裝備製作材料。{nl}可以通關貝爾庫波的巢穴、白鴉長眠地：傳說、白鴉長眠地：獨特、挑戰5階段、修女院任務、等級副本取得。{nl}活動結束後將統一刪除。
INTL_20190820_000338	紀念2019年夏天的活動正熱烈舉辦中。{nl}目前提供{#003399}[活動] 巴賽羅斯鑄幣{/}的兌換與公會活動獎勵。
INTL_20190820_000339	{#003399}[Summer Festa]柯拉佩達避暑活動{/}的獎勵兌換
INTL_20190820_000340	通關：5個{nl}- 獨特遠征隊
INTL_20190820_000341	通關：5個{nl}- 通關挑戰模式5階段以上：2個{nl}- 通關修女院任務：1個{nl}- 通關等級副本：1個
INTL_20190820_000342	NA
INTL_20190820_000343	NA
INTL_20190828_000344	This item can only be used to change the appearance of another.{nl}Does not consume Silver when used as appearance material.{nl}Can be exchanged for Medals at the Exchange Shop.{nl}(This costume is designed by Shiseptiana from [SEA] Telsiai.)
INTL_20190903_000345	Adds one character slot to your Lodge.
INTL_20191024_000346	A title given to winners of 2018 Happy New Year Wishes Greetings event.
INTL_20191024_000347	A title given to players who have collected the [Event] Revelations.
INTL_20191024_000348	A title given to winners of Steam Fan Art event.
INTL_20191024_000349	A title given to the most creative TPP players.
INTL_20191024_000350	A title given to winners of Loving Summer Fan Art event.
INTL_20191024_000351	A title given to event participants.
INTL_20191024_000352	A title given to Game Guide Creators.
INTL_20191024_000353	A title given to winners of Halloween Fan Art event.
INTL_20191024_000354	A title given to winners of TOS Weapon Design event.
INTL_20191024_000355	A title given to winners of New Year's Artist event.
INTL_20191024_000356	A title given to winners of Content Creator event.
INTL_20191024_000357	A title given to winners of Happy Anniversary event.
INTL_20191024_000358	A title given to winners of Guide Master event.
INTL_20191024_000359	[Grimoire Equip Effect] Summons Demon Lord Marnox when using Summoning{nl}[Cannot be traded]
INTL_20191024_000360	[Grimoire Equip Effect] Summons Demon Lord Blut when using Summoning{nl}[Cannot be traded]
INTL_20191024_000361	[Grimoire Equip Effect] Summons Demon Lord Zaura when using Summoning{nl}[Cannot be traded]
INTL_20191024_000362	[Grimoire Equip Effect] Summons Demon Lord Nuaele when using Summoning{nl}[Cannot be traded]
INTL_20191024_000363	[Grimoire Equip Effect] Summons Demon Lord Helgasercle when using Summoning{nl}[Cannot be traded]
INTL_20191024_000364	[Grimoire Equip Effect] Summons Demon Lord Blut when using Summoning{nl}[Cannot be traded]{nl}[Cannot be traded]
INTL_20191024_000365	[Grimoire Equip Effect] Summons Demon Lord Mirtis when using Summoning{nl}[Cannot be traded]
INTL_20191024_000366	[Grimoire Equip Effect] Summons Demon Lord Froster Lord when using Summoning{nl}[Cannot be traded]
INTL_20191024_000367	Use to obtain one of the followig items.{nl}- Demon Lord Marnox Card [Cannot be traded] x1{nl}- Demon Lord Blut Card [Cannot be traded] x1{nl}- Demon Lord Zaura Card [Cannot be traded] x1{nl}- Demon Lord Nuaele Card [Cannot be traded] x1{nl}- Demon Lord Helgasercle Card [Cannot be traded] x1{nl}- Demon Lord Rexipher Card [Cannot be traded] x1{nl}- Demon Lord Mirtis Card [Cannot be traded] x1{nl}- Demon Lord Froster Lord Card [Cannot be traded] x1
INTL_20191104_000368	Event: Halloween Uphill Defense
INTL_20191104_000369	Event: Halloween Midnight Rumble
INTL_20191104_000370	Halloween Midnight Rumble Helper
INTL_20191203_000371	狩獵怪物時，增加 90% 獲得的經驗值{nl} 移動速度+3 {nl}+500 最大 HP
INTL_20191203_000372	狩獵怪物時，增加 120% 獲得的經驗值{nl} 移動速度+4 {nl}+1000 最大 HP
INTL_20191203_000373	狩獵怪物時，增加 150% 獲得的經驗值{nl} 移動速度+5 {nl}+2000 最大 HP
INTL_20191203_000374	使用 {#FF0000}[活舫] 皇家聖誕鑰匙{/} 打開寶箱?
INTL_20191203_000375	只在周末進行。
INTL_20191205_000376	用於打開聖誕節皇家寶箱，從以下列表中隨機獲得獎勵物品.{nl}[獎勵清單]{nl}- {#003399}[活動] 特性點數 10,000{/} x1{nl}- {#003399}[活動] 特性點數 1,000{/} x1{nl}- {#003399}[活動] 特性點數 500{/} x1{nl}- {#003399}遠征隊傳送石{/} x3{nl}- {#003399}女神雕像 (14 天){/} x5{nl}- {#003399}充滿祝福的嫩芽 (14 天){/} x5{nl}- {#003399}[活動] 公會任務獎勵鑄幣：銀{/} x1}{nl}活動結束時道具會刪除
INTL_20191216_000377	{img test_cooltime 25 25}{s18}點數每季重置一次
INTL_20191216_000378	{nl}請選擇獎項
INTL_20191230_000379	僅在周五，週六和周日進行的活動。