QUEST_UNUSED_20150317_000001	啊哈，這條路是前往拜訪寬恕者大師的路啊！祝你好武運。
QUEST_UNUSED_20150317_000002	路上小心。
QUEST_UNUSED_20150317_000003	對。就是這個。已經被允許進到寬恕者門下了。{nl}向捐款箱投放的一牧銀幣所得到的免罪符能夠引導我們贖罪。{nl}請謹記財物還有女神巨大的祝福。
QUEST_UNUSED_20150317_000004	快回去寬恕者大師那裏。{nl}他找火甕找了很久。
QUEST_UNUSED_20150317_000005	守門者貓頭鷹雕像
QUEST_UNUSED_20150317_000006	泰斯拉把木頭雕刻成我們的樣子。{nl}所以我們一直都想好好報答他的恩惠。{nl}
QUEST_UNUSED_20150317_000007	所以我說。我有事相求。{nl}能不能幫我收集大教堂的大理石雕像然後轉交給泰斯拉呢？
QUEST_UNUSED_20150317_000008	泰斯拉應該很喜歡大教堂的大理石吧？
QUEST_UNUSED_20150317_000009	貓頭鷹雕像的禮物嗎？{nl}那些可愛傢伙就是我生活的證據吧。{nl}
QUEST_UNUSED_20150317_000010	總之…難怪好像有客人來的樣子，謝謝啊。
QUEST_UNUSED_20150317_000011	我第一次在柯拉佩達見到你的時候，我就在想你真的能用那纖細的手臂揮動劍嗎？{nl}不過現在都成為了人人歌頌的勇士了。{nl}
QUEST_UNUSED_20150317_000012	但我還是想確認看看你的勇氣。{nl}報喪女妖讓邪惡氣息瀰漫著整個黑暗森林…對你來說應該是個剛剛好的挑戰吧！
QUEST_UNUSED_20150317_000013	不怎麼樣嘛！只不過是狩獵而已。{nl}他應該會在柯拉佩達等你喔！
QUEST_UNUSED_20150317_000014	來了啊！我一直在等你呢！{nl}這是符合你勇氣的獎勵。
QUEST_UNUSED_20150317_000015	呼呼，真是認真啊！{nl}我突然想起你還是實習法師的時候。那時候你真的很認真呢…{nl}
QUEST_UNUSED_20150317_000016	我很好奇你現在究竟進不了多少。{nl}汙染這黑暗森林的報喪女妖對你來說應該是個適當的挑戰吧？
QUEST_UNUSED_20150317_000017	我覺得比起考試這是做好事。{nl}那麼下次在柯拉佩達見囉！
QUEST_UNUSED_20150317_000018	不錯，消滅的很乾脆。{nl}下次見面的時候我是否會更好奇你變成甚麼樣了呢？
QUEST_UNUSED_20150317_000019	第一次見到你的時候心想真是個半調子該不會馬上就被擊倒吧…{nl}現在竟然比我還有名。{nl}
QUEST_UNUSED_20150317_000020	我想看看你是不是真的實力如其名，跟我打個賭吧！？{nl}把汙染這森林的報喪女妖全都消滅吧怎麼樣？
QUEST_UNUSED_20150317_000021	其時打賭才沒那麼重要呢。重點是和我見面。{nl}那麼我就在柯拉佩達等你。
QUEST_UNUSED_20150317_000022	來了啊！你真令人讚賞啊！{nl}我能期待你下次進步多少嗎？
QUEST_UNUSED_20150317_000023	比起第一次來到柯拉佩達的時候，又充滿更多女神的祝福了。{nl}我想知道你信仰的心有多虔誠。{nl}
QUEST_UNUSED_20150317_000024	當然這不是能以抽象標準來衡量的。{nl}我就是以女神之名將帶給這森林邪惡的氣息的報喪女妖們給驅趕走的。
QUEST_UNUSED_20150317_000025	女神的敵人就是我們的敵人。{nl}那麼我們柯拉佩達見。
QUEST_UNUSED_20150317_000026	您來了啊！你的信仰之心很虔誠。{nl}給了我很多靈感。{nl}這是我的一點心意。請用在正確的地方。
QUEST_UNUSED_20150317_000027	以前很清幽的這個地方現在因為怪物出沒而不得安寧。
QUEST_UNUSED_20150317_000028	不管那個怪物的話牠會攻擊聚集而來的靈魂並且將之汙染。
QUEST_UNUSED_20150317_000029	不管怎麼說那些傢伙數量總算有減少，我心情是有好一點。
QUEST_UNUSED_20150317_000030	許多人們把家人的骨灰盒埋在這個地方。{nl}現在都被怪物們給挖開，就將骨灰盆改成安置在地面上了。
QUEST_UNUSED_20150317_000031	有一陣子常常能聽到先人們悲傷的啜泣聲… 一段令人懷念的時光。
QUEST_UNUSED_20150317_000032	還是有很多無法回收的遺物，但幸好還是守住一部分的遺物。
QUEST_UNUSED_20150317_000033	其他貓頭鷹雕像必須引導的靈魂們正往這裡來。{nl}關口附近一定是出事了。
QUEST_UNUSED_20150317_000034	不知道發生甚麼事，總覺得我們好像被騙了。
QUEST_UNUSED_20150317_000035	不愧是魔族啊！{nl}正干擾著這裡的清靜。
QUEST_UNUSED_20150317_000036	說不定那些奔向北方的靈魂們知道有關那傢伙的情報。
QUEST_UNUSED_20150317_000037	迷路的靈魂
QUEST_UNUSED_20150317_000038	您還活著啊…{nl}但你現在的處境也不安全。
QUEST_UNUSED_20150317_000039	我不知道魔族在低吟甚麼…但那關口的門一定得打開才行。
QUEST_UNUSED_20150317_000040	大家都向更深處去尋找貓頭雕像了。{nl}能否幫我們逃出這裡呢？
QUEST_UNUSED_20150317_000041	怪物為了吸收靈魂而追上來了。{nl}被牠們逮到的話會被邪惡力量感染。
QUEST_UNUSED_20150317_000042	太感謝了！{nl}可以找機會逃跑啊…
QUEST_UNUSED_20150317_000043	依依不捨的靈魂
QUEST_UNUSED_20150317_000044	我都知道。{nl}先行前往北邊的靈魂們沒辦法到達目的地的。{nl}不過可利用其他貓頭鷹雕像幫助指引方向。{nl}但我因為丘陵上方的吉伯優南瓜精沒辦法去…
QUEST_UNUSED_20150317_000045	怪物們為什麼要追著我們跑啊…{nl}好累喔…死也不要…
QUEST_UNUSED_20150317_000046	你說的都是事實嗎？{nl}真叫人生氣…
QUEST_UNUSED_20150317_000047	沒別的辦法了。{nl}我先告訴你那靈魂的去向吧。{nl}往北邊前進有個貓頭鷹雕像。先到那裏去看看吧。
QUEST_UNUSED_20150317_000048	等牠們湧進之前想趕快離開…
QUEST_UNUSED_20150317_000049	神聖的貓頭鷹雕像
QUEST_UNUSED_20150317_000050	不久前才被變異的死亡魔特斯攻擊。{nl}再這樣下去我的木製身軀會被粉身碎骨的！
QUEST_UNUSED_20150317_000051	我不想再讓您拜託我保管的骨灰盆或靈魂迷失方向…
QUEST_UNUSED_20150317_000052	體型雖小卻是很心狠手辣的一群傢伙。
QUEST_UNUSED_20150317_000053	雖然感到悲傷，我們雕像現在無法執行雕刻家給予的任務。{nl}只能在一旁保護他…{nl}
QUEST_UNUSED_20150317_000054	你該負責的靈魂太多了。
QUEST_UNUSED_20150317_000055	真是優秀啊！
QUEST_UNUSED_20150317_000056	請往南邊走吧！{nl}可以找到像我一樣的破碎雕像的。
QUEST_UNUSED_20150317_000057	憂鬱的貓頭鷹雕像
QUEST_UNUSED_20150317_000058	看到活著的人過來真的很神奇！{nl}每天都守著靈魂們很久沒看到活人了。
QUEST_UNUSED_20150317_000059	託您的福我才能撐過這些年。
QUEST_UNUSED_20150317_000060	您目睹的怪物就是把我們逼到絕境的幽靈范托群。{nl}為了阻止怪物橫行，必須清除空空的貓頭鷹。{nl}幽靈范托群正利用陷阱。{nl}必須至溪谷深處確認空空的貓頭鷹雕像。
QUEST_UNUSED_20150317_000061	靈魂前往尋找貓頭鷹。{nl}但被空空的貓頭鷹給吃掉了。{nl}這傢伙很清楚靈魂在來找我們的路上會迷路。
QUEST_UNUSED_20150317_000062	我以為這些雕像都會被利用…
QUEST_UNUSED_20150317_000063	你見到的靈魂所說的地方就是它們為了來找我們貓頭鷹前來的地方。{nl}現在這裡則到處充滿了幽靈范托群安裝的陷阱。{nl}幽靈范托群陷阱對誰都是種威脅。
QUEST_UNUSED_20150317_000064	靈魂迷路的話會去找其他靈魂。{nl}靈魂就是這個時候會掉入發亮的陷阱。
QUEST_UNUSED_20150317_000065	好多陷阱啊…
QUEST_UNUSED_20150317_000066	應該就在持有鑰匙的幽靈范托附近啊… {nl}真奇怪！
QUEST_UNUSED_20150317_000067	必須清除附近的幽靈范托群牠們才會出現。{nl}不出現的話就硬拖出來。
QUEST_UNUSED_20150317_000068	那些怪物是從哪冒出來的？
QUEST_UNUSED_20150317_000069	這樣還不出來的話..{nl}就是在
QUEST_UNUSED_20150317_000070	持有鑰匙的幽靈范托竟然不出來…{nl}應該就在我告訴你的那個地方。
QUEST_UNUSED_20150317_000071	等您到達的時候他會顯現原本面貌的。
QUEST_UNUSED_20150317_000072	這個…是關口的鑰匙。
QUEST_UNUSED_20150317_000073	用鑰匙打開關口的門吧！{nl}指引靈魂的領路人靈魂就在關口的對面。{nl}那個靈魂會幫助你的。
QUEST_UNUSED_20150317_000074	靈魂中偶爾會有人不想接受指引，而留下來幫助別人。就是不同類的靈魂。
QUEST_UNUSED_20150317_000075	領路人靈魂
QUEST_UNUSED_20150317_000076	你好！{nl}啊…原來是活人啊！
QUEST_UNUSED_20150317_000077	我也錯過了接受指引的時間了。但是我可沒有因此而墮落。{nl}在你來之前，沒有我必須指引的靈魂，我正想放棄呢。{nl}現在請幫我打開關口吧！{nl}還有請告知對面的貓頭鷹雕像這裡非常安全！
QUEST_UNUSED_20150317_000078	我嗎？要說我的事的話可說不完啊…
QUEST_UNUSED_20150317_000079	要消滅魔族的話，我以為那些部下都消失了呢… {nl}結果不是啊！謝謝你幫我開門。
QUEST_UNUSED_20150317_000080	請聽從領路人靈魂的建議。{nl}迷失的靈魂需要你的幫助…
QUEST_UNUSED_20150317_000081	這樣我很困擾。那力量若是屬於魔族的話會怎麼樣呢？
QUEST_UNUSED_20150317_000082	啊，原來你在說那個靈魂啊！{nl}它在丘陵高處四處徘徊找不到路。
QUEST_UNUSED_20150317_000083	如果您要確定要出發的話我會替你指引路的。{nl}但是在路上有很多黑暗史萊姆。{nl}對您來說是一大威脅啊。
QUEST_UNUSED_20150317_000084	我有把握那絕對不是魔族。{nl}但是我有點搞混。
QUEST_UNUSED_20150317_000085	不知名的靈魂
QUEST_UNUSED_20150317_000086	我們貓頭鷹們正在等您呢！{nl}歡迎。
QUEST_UNUSED_20150317_000087	暗黑吉嘎利們在那裏徘徊著{nl}雕刻家看到這森林一定會很心痛的…
QUEST_UNUSED_20150317_000088	光是看到散佈在那裏的骨灰盆就心痛。
QUEST_UNUSED_20150317_000089	赤紅普朗基正威脅我們。{nl}看看牠們在那裏徘徊的樣子。
QUEST_UNUSED_20150317_000090	暗黑南瓜精在那裏的話…沒辦法穿過那裏。{nl}丘陵上方都是暗黑南瓜精。
QUEST_UNUSED_20150317_000091	我想到可以保護我的方法了。{nl}雖然渺茫但我還是能感覺得到漁人怪吞噬的靈魂們。{nl}如果你幫我找回被漁人怪吞噬的神聖力的話…
QUEST_UNUSED_20150317_000092	貓頭鷹雕像的等待
QUEST_UNUSED_20150317_000093	安靜的森林(1)
QUEST_UNUSED_20150317_000094	提議要消滅暗黑吉嘎利。
QUEST_UNUSED_20150317_000095	安靜的森林(2)
QUEST_UNUSED_20150317_000096	Notice/將靈魂骨灰盆轉交給貓頭鷹雕像。
QUEST_UNUSED_20150317_000097	安靜的森林(3)
QUEST_UNUSED_20150317_000098	提議要確認關口。
QUEST_UNUSED_20150317_000099	安靜的森林(4)
QUEST_UNUSED_20150317_000100	提議要尋找靈魂。
QUEST_UNUSED_20150317_000101	在毒裡的靈魂(1)
QUEST_UNUSED_20150317_000102	提議要消滅赤紅普朗基。
QUEST_UNUSED_20150317_000103	在毒裡的靈魂(2)
QUEST_UNUSED_20150317_000104	提議要消滅暗黑南瓜精。
QUEST_UNUSED_20150317_000105	在毒裡的靈魂(3)
QUEST_UNUSED_20150317_000106	提議要確認貓頭鷹雕像。
QUEST_UNUSED_20150317_000107	在毒裡的靈魂(4)
QUEST_UNUSED_20150317_000108	確認中/MAKING/2.5/TRACK_BEFORE/None
QUEST_UNUSED_20150317_000109	貓頭鷹雕像的救援請求
QUEST_UNUSED_20150317_000110	提議要消滅死亡魔特斯。
QUEST_UNUSED_20150317_000111	森林裡滲入魔族(1)
QUEST_UNUSED_20150317_000112	提出要主動幫忙。
QUEST_UNUSED_20150317_000113	森林裡滲入魔族(2)
QUEST_UNUSED_20150317_000114	提議要尋找貓頭鷹雕像。
QUEST_UNUSED_20150317_000115	靈魂獵人(1)
QUEST_UNUSED_20150317_000116	提出確認貓頭鷹雕像。
QUEST_UNUSED_20150317_000117	靈魂獵人(2)
QUEST_UNUSED_20150317_000118	提出清除陷阱的建議。
QUEST_UNUSED_20150317_000119	靈魂獵人(3)
QUEST_UNUSED_20150317_000120	提議要消滅幽靈范托群。
QUEST_UNUSED_20150317_000121	靈魂獵人(4)
QUEST_UNUSED_20150317_000122	提議要消滅幽靈范托的建議。
QUEST_UNUSED_20150317_000123	打開關口(1)
QUEST_UNUSED_20150317_000124	打開關口(2)
QUEST_UNUSED_20150317_000125	告訴貓頭鷹雕像靈魂的故事。
QUEST_UNUSED_20150317_000126	迷失的靈魂(1)
QUEST_UNUSED_20150317_000127	迷失的靈魂(2)
QUEST_UNUSED_20150317_000128	提出要消滅黑暗史萊姆的建議。
QUEST_UNUSED_20150317_000129	迷失的靈魂(3)
QUEST_UNUSED_20150317_000130	比特雷巨蜂的襲擊
QUEST_UNUSED_20150317_000131	狼人的襲擊
QUEST_UNUSED_20150317_000132	Notice/!/請消滅狼人！
QUEST_UNUSED_20150317_000133	占領魔法師之塔的魔君主
QUEST_UNUSED_20150317_000134	報答財務的恩惠[轉職寬恕者](4)
QUEST_UNUSED_20150317_000135	密室的秘室
QUEST_UNUSED_20150317_000136	我會接受打賭。
QUEST_UNUSED_20150317_000137	接受試驗。
QUEST_UNUSED_20150317_000138	好奇心承認
QUEST_UNUSED_20150317_000139	我會幫忙。
QUEST_UNUSED_20150317_000140	與虛弱的貓頭鷹雕像對話
QUEST_UNUSED_20150317_000141	進入布袋頭嶺
QUEST_UNUSED_20150317_000142	移動至布袋頭嶺
QUEST_UNUSED_20150317_000143	消滅暗黑吉嘎利
QUEST_UNUSED_20150317_000144	消滅暗黑吉嘎利
QUEST_UNUSED_20150317_000145	回收骨灰盆
QUEST_UNUSED_20150317_000146	收集散佈在布袋頭嶺入口的骨灰盆。
QUEST_UNUSED_20150317_000147	確認靈魂的關口
QUEST_UNUSED_20150317_000148	確認後進入靈魂的關口
QUEST_UNUSED_20150317_000149	與迷路的靈魂對話
QUEST_UNUSED_20150317_000150	沿著往北的路往上走與迷路的靈魂對話
QUEST_UNUSED_20150317_000151	與迷路的靈魂對話
QUEST_UNUSED_20150317_000152	消滅赤紅普朗基
QUEST_UNUSED_20150317_000153	消滅赤紅普朗基
QUEST_UNUSED_20150317_000154	與依依不捨的靈魂對話
QUEST_UNUSED_20150317_000155	與依依不捨的靈魂對話
QUEST_UNUSED_20150317_000156	消滅暗黑南瓜精
QUEST_UNUSED_20150317_000157	消滅暗黑南瓜精
QUEST_UNUSED_20150317_000158	消滅暗黑南瓜精
QUEST_UNUSED_20150317_000159	確認貓頭鷹雕像
QUEST_UNUSED_20150317_000160	確認貓頭鷹雕像
QUEST_UNUSED_20150317_000161	消滅蜂湧而上的怪物
QUEST_UNUSED_20150317_000162	消滅蜂湧而上的怪物
QUEST_UNUSED_20150317_000163	與神聖的貓頭鷹雕像對話
QUEST_UNUSED_20150317_000164	與神聖的貓頭鷹雕像對話
QUEST_UNUSED_20150317_000165	消滅死亡魔特斯 
QUEST_UNUSED_20150317_000166	消滅死亡魔特斯 
QUEST_UNUSED_20150317_000167	漁人怪的神聖力碎片次數
QUEST_UNUSED_20150317_000168	找回漁人怪神聖力碎片
QUEST_UNUSED_20150317_000169	消滅赤紅漁人怪
QUEST_UNUSED_20150317_000170	與憂鬱的貓頭鷹雕像對話
QUEST_UNUSED_20150317_000171	與憂鬱的貓頭鷹雕像對話
QUEST_UNUSED_20150317_000172	確認空空的貓頭鷹雕像
QUEST_UNUSED_20150317_000173	確認空空的貓頭鷹雕像
QUEST_UNUSED_20150317_000174	清除靈魂的陷阱
QUEST_UNUSED_20150317_000175	找尋並清除靈魂的陷阱
QUEST_UNUSED_20150317_000176	消滅地獄亡靈的部下
QUEST_UNUSED_20150317_000177	消滅地獄亡靈的部下
QUEST_UNUSED_20150317_000178	消滅靈魂獵人的部下
QUEST_UNUSED_20150317_000179	消滅鑰匙管理幽靈范托
QUEST_UNUSED_20150317_000180	消滅鑰匙管理幽靈范托並獲得鑰匙
QUEST_UNUSED_20150317_000181	鑰匙管理
QUEST_UNUSED_20150317_000182	幽靈范托的部下
QUEST_UNUSED_20150317_000183	與領路人靈魂對話
QUEST_UNUSED_20150317_000184	與領路人靈魂對話
QUEST_UNUSED_20150317_000185	消滅擋路的怪物
QUEST_UNUSED_20150317_000186	消滅擋路的怪物
QUEST_UNUSED_20150317_000187	消滅地獄亡靈的殘黨
QUEST_UNUSED_20150317_000188	消滅暗黑史萊姆
QUEST_UNUSED_20150317_000189	消滅暗黑史萊姆
QUEST_UNUSED_20150317_000190	確認可疑的場所
QUEST_UNUSED_20150317_000191	確認可疑的場所
QUEST_UNUSED_20150317_000192	限制時間內地區防禦
QUEST_UNUSED_20150317_000193	於限制時間內存活於撲上前來的怪物攻擊下。
QUEST_UNUSED_20150317_000194	與不知名的靈魂對話
QUEST_UNUSED_20150317_000195	與不知名的靈魂對話
QUEST_UNUSED_20150317_000196	消滅擋路的怪物
QUEST_UNUSED_20150317_000197	請消滅比特雷巨蜂。
QUEST_UNUSED_20150317_000198	消滅比特雷巨蜂
QUEST_UNUSED_20150317_000199	狼人出現了。
QUEST_UNUSED_20150317_000200	消滅突然出現的狼人
QUEST_UNUSED_20150317_000201	消滅狼人
QUEST_UNUSED_20150317_000202	消滅哈明
QUEST_UNUSED_20150317_000203	尋找占領魔法師之塔的魔君主
QUEST_UNUSED_20150317_000204	尋找占領魔法師之塔的魔君主赫嘉塞露女妖。
QUEST_UNUSED_20150317_000205	去見佩迪米安的道具商人
QUEST_UNUSED_20150317_000206	和突然出現的劍士大師對話
QUEST_UNUSED_20150317_000207	劍士大師不知為何突然出現在您的面前。請與他對話。
QUEST_UNUSED_20150317_000208	發現隱藏任務
QUEST_UNUSED_20150317_000209	已發現隱藏任務。請在卡汀的密室狩獵報喪女妖。
QUEST_UNUSED_20150317_000210	順利完成了劍士大師的測試了。請去拜訪柯拉佩達的劍士大師。
QUEST_UNUSED_20150317_000211	消滅報喪女妖
QUEST_UNUSED_20150317_000212	和突然出現的法師大師對話
QUEST_UNUSED_20150317_000213	法師大師不知為何突然出現在您的面前。請與他對話。{nl}
QUEST_UNUSED_20150317_000214	拜訪法師大師
QUEST_UNUSED_20150317_000215	順利完成了法師大師的測試了。請去拜訪柯拉佩達的法師大師。
QUEST_UNUSED_20150317_000216	和突然出現的弓箭手大師對話
QUEST_UNUSED_20150317_000217	弓箭手大師不知為何突然出現在您的面前。請與他對話。
QUEST_UNUSED_20150317_000218	出現隱藏任務了。請在卡汀的密室狩獵報喪女妖。
QUEST_UNUSED_20150317_000219	順利完成了弓箭手大師的測試了。請去拜訪柯拉佩達的弓箭手大師。
QUEST_UNUSED_20150317_000220	和突然出現的牧師大師對話
QUEST_UNUSED_20150317_000221	牧師大師不知為何突然出現在您的面前。請與他對話。
QUEST_UNUSED_20150317_000222	順利完成了牧師大師的測試了。請去拜訪柯拉佩達的牧師大師。
QUEST_UNUSED_20150317_000223	守門者貓頭鷹正在打聽關於你而且很高興能有你的消息。請和守門者貓頭鷹對話。
QUEST_UNUSED_20150317_000224	在大教堂中尋找大理石雕像
QUEST_UNUSED_20150317_000225	根據守門者貓頭鷹的說法，貓頭鷹雕像很想報答雕刻家泰斯拉的恩惠。請救出被困在大教堂怪物手中的大理石雕像。
QUEST_UNUSED_20150317_000226	將大理石雕像轉交給雕刻家泰斯拉
QUEST_UNUSED_20150317_000227	已經找到大理石雕像了。請將 大理石雕像帶給瑪凌波石窟的雕刻家泰斯拉。
QUEST_UNUSED_20150323_000228	進入庫萊嶺
QUEST_UNUSED_20150323_000229	移動至萊嶺
QUEST_UNUSED_20150323_000230	收集散佈在庫萊嶺入口的骨灰盆。
QUEST_UNUSED_20150323_000231	已經找到大理石雕像了。請將 大理石雕像帶給瑪凌波石窟的雕刻家泰斯拉。
QUEST_UNUSED_20150714_000232	也許會有危險所以麻煩你幫我消滅周圍的怪物。{nl}我看過洛圖瑪第1遺址的怪物變得非常殘暴。
QUEST_UNUSED_20150714_000233	總之，很好。{nl}我需要徘徊在無名勇士的墳墓的亡靈持有的靈魂精髓 。{nl}不管用何種手段都沒關係，請幫我取得靈魂精髓吧！
QUEST_UNUSED_20150714_000234	不過我想要的只不過是純淨的靈魂。{nl}我希望您將帶來的兩個靈魂石放入禮盒裡並進行淨化。
QUEST_UNUSED_20150714_000235	剛剛您取得的金屬板… 好像還有殘餘下個部分的樣子。{nl}我找到的金屬板好像已經是完整的，真是大事不妙！{nl}
QUEST_UNUSED_20150714_000236	啊好像還漏掉了一個地方沒找，波薩斯街道。{nl}要不要去看看呢？
QUEST_UNUSED_20150714_000237	還順利嗎？{nl}我實在想得不夠遠。
QUEST_UNUSED_20150714_000238	這些是研究文件。只要轉告寒冰法師大師這是我替奇堤斯交的研究資料就可以了。
QUEST_UNUSED_20150714_000239	駕馭那隻群樹林哥布林的巨大傢伙在那裏。
QUEST_UNUSED_20150714_000240	有可能在拉烏基美濕地跟樹林巨獸哥布林碰上喔！{nl}如果真的碰上了，請務必消滅牠們。
QUEST_UNUSED_20150714_000241	實力如其龐大身軀的強大傢伙。請務必小心。
QUEST_UNUSED_20150714_000242	若要跟這些傢伙硬碰硬的話，我勸你多找一些人吧。
QUEST_UNUSED_20150714_000243	我以為你會打倒那傢伙呢…{nl}啟示者比我想的還要強大呢！令人讚嘆！{nl}如果跟啟示者一起並肩作戰的話收復首都應該不是甚麼難事吧！
QUEST_UNUSED_20150714_000244	正在配置引誘物
QUEST_UNUSED_20150714_000245	點火中
QUEST_UNUSED_20150714_000246	Notice/已將靈魂的骨灰盆交給貓頭鷹雕像
QUEST_UNUSED_20150714_000247	安裝鑰匙中
QUEST_UNUSED_20150714_000248	放餌中
QUEST_UNUSED_20150714_000249	除草劑始使用中
QUEST_UNUSED_20150714_000250	Notice/請破壞補給品箱子並追蹤逃亡的布貝族！#10
QUEST_UNUSED_20150714_000251	Notice/請追蹤逃亡的布貝族！#8
QUEST_UNUSED_20150714_000252	Notice/請移動至下一地區。#5
QUEST_UNUSED_20150714_000253	Notice/!/請消滅擋路的雷普斯！#8
QUEST_UNUSED_20150714_000254	Notice/已經消滅擋路的雷普斯！#8
QUEST_UNUSED_20150714_000255	燃燒中
QUEST_UNUSED_20150714_000256	看不見的話就無法讀。
QUEST_UNUSED_20150714_000257	未爆彈處理(1)
QUEST_UNUSED_20150714_000258	詢問如何處理。
QUEST_UNUSED_20150714_000259	請你自行處理。
QUEST_UNUSED_20150714_000260	未爆彈處理(2)
QUEST_UNUSED_20150714_000261	我會處理未爆彈。
QUEST_UNUSED_20150714_000262	直到最後一隻
QUEST_UNUSED_20150714_000263	我會努力看看。
QUEST_UNUSED_20150714_000264	聽說那傢伙難搞所以我會拒絕。
QUEST_UNUSED_20150714_000265	未爆彈處理
QUEST_UNUSED_20150714_000266	來回巡視前哨區域時發現了未爆彈。請向工兵大師詢問未爆彈的處理方法。
QUEST_UNUSED_20150714_000267	工兵大師要說明未爆彈的處理方法。請和工兵大師對話。
QUEST_UNUSED_20150714_000268	解除未爆彈
QUEST_UNUSED_20150714_000269	按照工兵大師所說明的利用解除子彈工具來進行未爆彈回收。
QUEST_UNUSED_20150714_000270	請將回收的未爆彈轉交給工兵大師。
QUEST_UNUSED_20150714_000271	傑普利好像還有事情放在心上。請和他對話。
QUEST_UNUSED_20150714_000272	消滅樹林巨獸哥布林
QUEST_UNUSED_20150714_000273	傑普利請求消滅統帥樹林哥布林的樹林巨獸哥布林。
QUEST_UNUSED_20150714_000274	成功消滅樹林巨獸哥布林。請轉告傑普利這件事。
QUEST_UNUSED_20150717_000275	奎波爾梅伊雷
QUEST_UNUSED_20150717_000276	雪德利佳伊拉
QUEST_UNUSED_20150717_000277	避開石化霜
QUEST_UNUSED_20150717_000278	裝在箱子裡的東西是…？
QUEST_UNUSED_20150717_000279	怪物懷裡的部隊印章
QUEST_UNUSED_20150717_000280	我會收集看看。
QUEST_UNUSED_20150717_000281	不太有興趣。
QUEST_UNUSED_20150717_000282	觀察石化探測器
QUEST_UNUSED_20150717_000283	請觀察沿岸要塞入口的石化探測器。
QUEST_UNUSED_20150717_000284	避開石化霜
QUEST_UNUSED_20150717_000285	觀察探測器的同時突然後面似乎有甚麼正在靠近！大概是石化霜的樣子！請避開石化霜逃到安全的地方！
QUEST_UNUSED_20150717_000286	打開寶箱
QUEST_UNUSED_20150717_000287	位於沿岸要塞一角的寶箱很可疑。請前往確認。
QUEST_UNUSED_20150717_000288	避開石化霜消滅怪物
QUEST_UNUSED_20150717_000289	一打開寶箱，就出現微弱的石化霜向怪物們撲上去！請避開石化霜並消滅怪物們。
QUEST_UNUSED_20150717_000290	請和葳荷米娜凱利奧特對話
QUEST_UNUSED_20150717_000291	取得露克立斯的部隊印章、羊皮紙文件
QUEST_UNUSED_20150717_000292	請在大地要塞尋找利於情報的物品。
QUEST_UNUSED_20150729_000293	差點就出是囉！您好我是奎波爾梅伊雷。{nl}我是來這裡指引未能安息的靈魂。{nl}不過不知道甚麼又會再出現像剛剛那種石化霜，請先不要輕舉妄動啊！
QUEST_UNUSED_20150729_000294	{nl}發現石化探測器，但好像有點故障的樣子…{nl}可以幫我檢查一下探測器嗎？
QUEST_UNUSED_20150729_000295	很久以前魔族和女神們就有股力量維持著他們之間的平衡。{nl}只要彼此不侵犯對方的領土，那股力量就會守護著他們。{nl}但是有一天，魔族先破壞了這樣的平衡下了石化詛咒而導致今天這樣的局面。
QUEST_UNUSED_20150729_000296	多處皆有裝置石化探測器。{nl}您剛剛看到的第一台探測器以順利啟動，再請你檢查剩下的探測器。
QUEST_UNUSED_20150729_000297	希望探測器能順利啟動…
QUEST_UNUSED_20150729_000298	啊，原來是那樣啊！{nl}有兩台故障了。
QUEST_UNUSED_20150729_000299	有關探測器啟動問題問還是問王國軍比較好。{nl}他們就是安裝探測器的人。{nl}去找王國軍將校蕾堤亞問問看的話應該幫得上忙吧？
QUEST_UNUSED_20150729_000300	魔族就是在這一帶下了石化詛咒的…女神們當然要拯救人類。{nl}不過他們已忘記當初約定不干涉彼此國事的規定，魔族們盛怒之下就在別的地區…
QUEST_UNUSED_20150729_000301	{nl}啊連想都會害怕的災難降臨了…{nl}災難嚴重到女神們都不得不放棄救援這被石化的地區…
QUEST_UNUSED_20150729_000302	蕾堤亞正在貝魯克堤廣場。{nl}甚麼？你說你已經知道了？
QUEST_UNUSED_20150729_000303	你說沿岸要塞地區的石化探測器故障了嗎？{nl}我早就知道了，所以我並不怪你
QUEST_UNUSED_20150729_000304	還沒到嗎？我已經派支援兵力到那裏去了。{nl}他們去修理故障的探測器已經過很久了…發生甚麼事了呢…
QUEST_UNUSED_20150729_000305	{nl}可以幫我找找看他們嗎？
QUEST_UNUSED_20150729_000306	看來還是沒消息…可能遭遇到甚麼不測也說不定。{nl}如果你有發現他們的屍體的話，能不能幫我上下翻找看看嗎？{nl}應該會出現有用的物品。或是在周圍的怪物身上…
QUEST_UNUSED_20150729_000307	我常看到沿岸要塞入口一帶的石化霜，在那裏可能被怪物攻擊過或是被石化霜擊中。
QUEST_UNUSED_20150729_000308	支援兵力都被擊中了啊…真可惜！ {nl}以後也得指引他們的靈魂了。
QUEST_UNUSED_20150729_000309	是的。總之請帶著那些零件去修理探測器吧。{nl}我們有事在身，無法離開崗位。請多多諒解。
QUEST_UNUSED_20150729_000310	那些東西是零件。{nl}現在該去修理探測器了。{nl}請小心石化霜。
QUEST_UNUSED_20150729_000311	石化探測器都能正常啟動且運作的話，我想安安份份地指引那些靈魂。
QUEST_UNUSED_20150729_000312	那麼就拜託你了。
QUEST_UNUSED_20150729_000313	喔全數都能正常啟動了！{nl}非常感謝。{nl}現在我可以安心指引靈魂了。
QUEST_UNUSED_20150729_000314	有點擔心靈魂的數量過多…{nl}但我還是希望可以安分地引導他們。{nl}願啟示者的路上充滿了女神的祝福。
QUEST_UNUSED_20150729_000315	是誰啊？滾一邊去！{nl}啊…但如果你能幫助我的話…
QUEST_UNUSED_20150729_000316	祭司尤塔
QUEST_UNUSED_20150729_000317	哇，沒想到在墓地竟然能遇到活人。{nl}我是服侍澤米娜女神的邪靈祭司。我是追隨著消失的澤米娜女神的蹤跡來到了這裡。{nl}
QUEST_UNUSED_20150729_000318	隱身的澤米娜女神祝福了真理之樹教團，所以我跟著來到這裡。{nl}一來到這只看到屍體遍野。{nl}憑我的力量也無法駕馭這些屍體。屍體可能會妨礙到儀式進行得清除乾淨才行…
QUEST_UNUSED_20150729_000319	啊真的嗎？就算只是說說我也很感謝啊！{nl}其實一個人準備儀式也是很麻煩的。{nl}
QUEST_UNUSED_20150729_000320	那麼請幫我清除附近的屍體。{nl}我則負責準備儀式然後向女神禱告。
QUEST_UNUSED_20150729_000321	我想說來到這裡應該會看到甚麼東西，聽說是邪靈祭司力量都駕馭不了的屍體…{nl}我第一次看到這種東西。得趕快去見女神才行…
QUEST_UNUSED_20150729_000322	啊您回來了啊！託您的福，我才能順利向女神禱告。{nl}嗯…您還是跟平常一樣話不多啊…
QUEST_UNUSED_20150729_000323	我會檢查看看。
QUEST_UNUSED_20150729_000324	信號
QUEST_UNUSED_20150729_000325	斬斷尾巴(1)
QUEST_UNUSED_20150729_000326	斬斷尾巴(2)
QUEST_UNUSED_20150729_000327	斬斷尾巴(3)
QUEST_UNUSED_20150729_000328	到達死胡同(1)
QUEST_UNUSED_20150729_000329	到達死胡同(2)
QUEST_UNUSED_20150729_000330	到達死胡同(3)
QUEST_UNUSED_20150729_000331	記錄文物避難所
QUEST_UNUSED_20150729_000332	高尚的魔君主
QUEST_UNUSED_20150729_000333	尋找自我的旅程(1)
QUEST_UNUSED_20150729_000334	尋找自我的旅程(2)
QUEST_UNUSED_20150729_000335	尋找自我的旅程(3)
QUEST_UNUSED_20150729_000336	尋找自我的旅程(4)
QUEST_UNUSED_20150729_000337	尋找自我的旅程(5)
QUEST_UNUSED_20150729_000338	尋找自我的旅程(6)
QUEST_UNUSED_20150729_000339	無止盡的交易(1)
QUEST_UNUSED_20150729_000340	無止盡的交易(2)
QUEST_UNUSED_20150729_000341	無止盡的交易(3)
QUEST_UNUSED_20150729_000342	無止盡的交易(4)
QUEST_UNUSED_20150729_000343	勒肯家的悲劇(1)
QUEST_UNUSED_20150729_000344	勒肯家的悲劇(2)
QUEST_UNUSED_20150729_000345	勒肯家的悲劇(3)
QUEST_UNUSED_20150729_000346	執行
QUEST_UNUSED_20150730_000347	修理中/HAMMERING/5/TRACK_AFTER/None
QUEST_UNUSED_20150730_000348	Notice/探測器開始啟動了！#5
QUEST_UNUSED_20150730_000349	修理中/HAMMERING/3/TRACK_BEFORE/None
QUEST_UNUSED_20150803_000350	和團員伊魯曼塔斯對話
QUEST_UNUSED_20150803_000351	拜訪團員克拉其那
QUEST_UNUSED_20150803_000352	好像聽到附近有人在叫我。
QUEST_UNUSED_20150803_000353	和團員克拉其那對話
QUEST_UNUSED_20150803_000354	將物品轉交給伊魯曼塔斯
QUEST_UNUSED_20150803_000355	拜訪團員阿爾利那
QUEST_UNUSED_20150803_000356	和團員阿爾利那對話
QUEST_UNUSED_20150803_000357	和團員阿爾利那對話
QUEST_UNUSED_20150804_000358	為了成功前往王陵，必須通過所有자카리엘大王的試練。為了獲取下一個試煉信物，請與史學者雷克西波對話看看。
QUEST_UNUSED_20150908_000359	燃燒中
QUEST_UNUSED_20150908_000360	連保管所都找不到牠的蹤跡。
QUEST_UNUSED_20150908_000361	消滅擋路的怪物！
QUEST_UNUSED_20150908_000362	成功消滅擋路的怪物！
QUEST_UNUSED_20150908_000363	已經將靈魂的骨灰盆轉交給虛弱的貓頭鷹雕像。
QUEST_UNUSED_20150908_000364	請消滅狼人！
QUEST_UNUSED_20150908_000365	請消滅突然出現的蘑菇卡利亞！
QUEST_UNUSED_20150908_000366	為大體祈禱
QUEST_UNUSED_20150908_000367	為死者祈禱
QUEST_UNUSED_20150908_000368	為死去的士兵祈福
QUEST_UNUSED_20150908_000369	挖掘中
QUEST_UNUSED_20150908_000370	挖掘中
QUEST_UNUSED_20150908_000371	請破壞補給品箱子並追蹤逃亡的布貝族！
QUEST_UNUSED_20150908_000372	請追蹤逃亡的布貝族！
QUEST_UNUSED_20150908_000373	請移動至下一個地區。
QUEST_UNUSED_20150908_000374	怪物出現在碎裂的貓頭鷹雕像附近！
QUEST_UNUSED_20150908_000375	火一點怪物就突然湧入！{nl}先趕走怪物然後再重新點火看看吧！
QUEST_UNUSED_20150908_000376	已燒掉貓頭鷹雕像！
QUEST_UNUSED_20150908_000377	點火燃燒中
QUEST_UNUSED_20150908_000378	守著雕像堆的火並消滅怪物！
QUEST_UNUSED_20150908_000379	請消滅擋路的雷普斯！
QUEST_UNUSED_20150908_000380	已消滅擋路的雷普斯！
QUEST_UNUSED_20150908_000381	為了阻止夏爾蘭而趕來了！
QUEST_UNUSED_20150918_000382	你是弓箭手大師派來的嗎？{nl}柯拉佩達情況已漸趨穩定，但佩迪米安好像還很為危險。
QUEST_UNUSED_20150918_000383	魔法師之塔中隊長等級的怪物就交給你了。{nl}重建佩迪米安的人力也不太足夠，魔法師之塔正湧出一堆怪物。
QUEST_UNUSED_20150918_000384	根據成功潛入的的偵查兵回報，魔法師之塔3樓的米諾牛頭怪。{nl}消滅該怪物的話，應該就能達到警告的功效了。
QUEST_UNUSED_20150918_000385	辛苦了。託您的福，怪物的氣勢收斂很多了啊！{nl}也請你代我向弓箭手大師說聲謝謝。
QUEST_UNUSED_20150918_000386	謝謝你。{nl}身為牧師大師，我會欣然幫您完成更高的使命。
QUEST_UNUSED_20150918_000387	怪物的巢穴就在這個十字路口的右方。{nl}說不定吃飽撐著的同伴們還待在那裏。
QUEST_UNUSED_20150918_000388	當然在那之前，身為侍從大師，得先好好報答您才行。
QUEST_UNUSED_20150918_000389	收集商的圖鑑
QUEST_UNUSED_20150918_000390	請消滅擋路的怪物！
QUEST_UNUSED_20150918_000391	已消滅擋路的怪物！
QUEST_UNUSED_20150918_000392	與收集商家對話
QUEST_UNUSED_20150918_000393	獲得收藏品
QUEST_UNUSED_20151001_000394	請問是夢見女神的啟示者嗎？{nl}我是夏奧雷伊和柯拉佩達的騎士團長烏斯卡。{nl}
QUEST_UNUSED_20151001_000395	現在王國已失去所有希望。{nl}連重新振作的意志都很低落…只是空喊著女神的名字。{nl}
QUEST_UNUSED_20151001_000396	坦白說我在各位啟示者身上看不到任何希望…{nl}背負著一整個城市的包袱… {nl}
QUEST_UNUSED_20151001_000397	不是無法再經歷絕望嗎？
QUEST_UNUSED_20151001_000398	嗯…不管怎樣，主教也夢見了啟示的夢。{nl}主教說如果啟示者到來的話，就送他前往水晶礦山。{nl}
QUEST_UNUSED_20151001_000399	不過現在礦山村正處於布貝族交戰中，是禁止出入的。{nl}請去見見東部森林的騎士阿拉斯是負責人吧。
QUEST_UNUSED_20151001_000400	這森林的怪物之所以會急遽成長原來是布貝鬥士搞的鬼啊！{nl}去看看貝鬥士的數量到底有多少。{nl}
QUEST_UNUSED_20151001_000401	唉呀。你就是那位有名的啟示者對吧？{nl}看來你也對大地要塞很有興趣嘛！{nl}
QUEST_UNUSED_20151001_000402	不過他們會不知道我嗎…王國軍人數眾多無法進入。{nl}來吧，你是站在哪一邊的呢？{nl}想進入大地要塞的話，最好給我老實回答。
QUEST_UNUSED_20151001_000403	小心不要被王國軍發現啊。{nl}就算被發現就假裝沒是笑一笑就好。
QUEST_UNUSED_20151001_000404	在集合地看到滴水嘴怪石像了吧？{nl}那個就是滴水嘴怪。{nl}
QUEST_UNUSED_20151001_000405	很奇怪我最近想進去的話我的肌肉就會自己動起來阻止我。{nl}不引起任何騷動光靠我們的力量是無法制伏他的。
QUEST_UNUSED_20151001_000406	夏奧雷伊東部森林的波亞塔正對居民造成威脅。{nl}如果你以女神之名消滅那怪物的話我就傳授魔法給你。
QUEST_UNUSED_20151001_000407	我第一次見到你的時候覺得你看起來…就像個半調子。{nl}現在你卻變得比我還有名。{nl}
QUEST_UNUSED_20151001_000408	辛苦了。{nl}以後累積更多實戰經驗來我門下學習劍法的話，你一定會成為更優秀的劍士的。
QUEST_UNUSED_20151001_000409	你來是來向我獲取流氓的教導的嗎？{nl}來得正好。{nl}身為你的流氓，可以向你證明我的實力又能解決我的問題，簡直一石二鳥。{nl}
QUEST_UNUSED_20151001_000410	斥候大師和我曾經是相依為命的好友，現在關係卻變得有點尷尬。{nl}想送他禮物來試著彌補我們的關係…我就這樣直接去的話是不是太明目張膽了。{nl}你能不能偷偷代替我去送給他禮物呢？
QUEST_UNUSED_20151001_000411	好啊。但是這也順便是你的測試。{nl}記住不要讓斥候大師發現就偷偷把禮物放著就走。{nl}給你一點建議，這種時候就是要學點跟蹤的基本功。
QUEST_UNUSED_20151001_000412	看起來任務已成功啊！{nl}等他看到會嚇一跳吧？{nl}
QUEST_UNUSED_20151001_000413	換我跟你做個了結了。{nl}跟蹤斥候大師並且偷放物品這樣的功夫也不普通呢，你一定能馬上學會的。
QUEST_UNUSED_20151001_000414	你是來學造箭者的技術的啊！{nl}以你的水準要能收到教導的話，你得之道這可不是件簡單的事。{nl}
QUEST_UNUSED_20151001_000415	我很久以前就在尋找第一代造箭者大師製造的弓箭。{nl}能送給利迪亞夏班的弓箭，其中的技術是不簡單的。{nl}我手邊有最近剩下的弓箭材料情報，想學造箭之前就得先成為懂得賞識弓箭真正價值的人。
QUEST_UNUSED_20151001_000416	根據我的情報，應該可以在峽谷地帶36_1找到。{nl}據說是以前遇到殘暴怪物所使用過的物品，還是小心為妙。
QUEST_UNUSED_20151001_000417	光看外型就能感受到那壯麗啊！{nl}雖然我很想針對這個弓箭進行研究，但我跟你的約定還是得先履行。{nl}來，我會展現我的技能給你看，請張大眼睛好好看。
QUEST_UNUSED_20151001_000418	身為馴鷹者大師，正尋找讓馴鷹者們變得更強的方法。{nl}其中有一個方法就是用其他飛行怪物來替代老鷹。{nl}
QUEST_UNUSED_20151001_000419	當然我的夥伴里斯很贊成，不過我認為這樣的嘗試對老鷹也是有幫助的。
QUEST_UNUSED_20151001_000420	馴服老鷹的時候，給他一點吃的就好了吧？{nl}因為沒有抱著很大期待，就先試試看吧！{nl}我放很多飼料在牠的前面，至少先試三種怪物吧。
QUEST_UNUSED_20151001_000421	果然還是失敗了。雖然有點可惜不過還是預料內的事。{nl}無論結果如何都得好好報答他的努力。{nl}好啊，我會直接指導你的。
QUEST_UNUSED_20151001_000422	你說你想學習更高級的技術嗎？{nl}想學習黑暗騎兵的高階技術的話，你本身得先打好相對堅強的基礎才行。{nl}第一還有第二點，就是得確實將弓箭瞄準敵人。
QUEST_UNUSED_20151001_000423	我欣賞你的自信。{nl}但是人不能只靠一張嘴，我會好好看著你的。{nl}如果你能對一般怪物連續命中200次且沒有一次失誤的話，我就認可你。
QUEST_UNUSED_20151001_000424	果真不是虛張聲勢啊！{nl}這樣的實力對教導技術的我也是有好處的。
QUEST_UNUSED_20151001_000425	你是來學習武僧的技術嗎？{nl}來得正好！如果對象是你的話，我有信心能交付給你。{nl}沒錯我有事情想拜託你。{nl}
QUEST_UNUSED_20151001_000426	對於過去犯下的錯我到現在都還在後悔。{nl}雖然現在為了贖罪過去的失誤，我在幫助某些人，但是若這件事情被傳出去的話，我的立場變得很尷尬喔！{nl}只要給他們一樣物品就可以了，做得好的話，實力也能得到認可並可得到技術傳承。
QUEST_UNUSED_20151001_000427	因為那件事情而恨我的人很多。{nl}不過那件事並不是那些人管得著的。{nl}但確實我該對我所犯的錯負責任。
QUEST_UNUSED_20151001_000428	好好轉交給他了嗎？{nl}那麼現在只要跟著我學一手就行了啊！
QUEST_UNUSED_20151001_000429	你是來向我取得認可的嗎？{nl}但是現在情況有點困擾呢！{nl}怪物們把交易帳簿都撕裂了。{nl}{nl}搞得現在進行其他工作就讓我一個頭兩個大了。{nl}要是你很急的話，我會告訴你地點你就替我把帳簿拿來吧！{nl}這事雖應保密，但這段期間你我也有了情分，我想我可以相信你這個人。
QUEST_UNUSED_20151001_000430	備用帳簿就在修道院35_3。{nl}為了不讓其他人先找到我已經把真本藏在書哩，並且在四處放了很多偽造本，請仔細找找。
QUEST_UNUSED_20151001_000431	找到了嘛！{nl}能處理這樣危急的事情，我認可你的能力。
QUEST_UNUSED_20151001_000432	為了好好運用德魯伊的能力，應好好了解自己操縱的植物。{nl}剛好我在神樹之日之後針對變成怪物的過度成長的植物等相關棘手問題進行調查，剛好也有你可以學習的地方。{nl}你如果幫我進行研究的話，我就認可這部分是你的修練。
QUEST_UNUSED_20151001_000433	消滅變成怪物的植物，並取得其標本。{nl}越強的怪物的身上可以越多的標本。
QUEST_UNUSED_20151001_000434	看來你的實力相當不錯呢！{nl}已經說好要認可你的修練，我會按照約定幫助你。
QUEST_UNUSED_20151001_000435	你似乎對我有點用處的樣子，不過現在我有更重要的事要做。{nl}遠處發現的魔氣漸漸變強，看來已經開始受到神諭師的影響。{nl}結果用千里眼看到的影像已變得模糊。nl}
QUEST_UNUSED_20151001_000436	處理那股魔氣是現在首要之務。{nl}您願意出面試試看嗎？{nl}也許解決這件事情也能證實你的能力，對你來說也是一個測試。
QUEST_UNUSED_20151001_000437	問題發生地點就在峽谷地帶36_1。{nl}只要把我給您的淨化的羅姆巴放置在魔氣最強的地方就可以了。
QUEST_UNUSED_20151001_000438	似乎做得不錯呢！{nl}我覺得我這件事找你真是找對了。{nl}那麼現在換我來幫你了。
QUEST_UNUSED_20151001_000439	好的。前往這東西的所在地莫加森林吧。{nl}如果在那個地方發現看似引路人的角色的話，首先自然地與他對話，再用暗號回答他的問題。
QUEST_UNUSED_20151001_000440	魔族 雪德利佳伊拉
QUEST_UNUSED_20151001_000441	該來的…總算…來了{nl}把我送到吉特涅身旁的那個人…{nl}
QUEST_UNUSED_20151001_000442	有事情要拜託你。{nl}帶領我走向死亡吧！
QUEST_UNUSED_20151001_000443	寫在柱子上的字句
QUEST_UNUSED_20151001_000444	[克勞斯的背景]
QUEST_UNUSED_20151001_000445	{nl}雖然克勞斯是出身於某位領主家門之下的長子，被繼母的親生子嗣奪走了繼承權，且被趕出領地外，於是他記錄下人生的第一件失敗的事情。
QUEST_UNUSED_20151001_000446	{nl}四處流浪的他在友人的勸導之下，隻身前往邊境地區開始工作，但不幸被友人欺騙，結果被俘虜到地區如奴隸般地日夜幹活。
QUEST_UNUSED_20151001_000447	{nl}在那之後，得到了露克立斯的救援，脫離了半奴隸般的的強制俘虜生活後，就這樣邊學習武藝過著安定的生活，但是，露克立斯被討伐以後，這樣安份的日子又再度變成了災難。
QUEST_UNUSED_20151001_000448	[克勞斯的最後一刻]
QUEST_UNUSED_20151001_000449	{nl}{nl}漫長的逃亡生活就像是由苦難點綴而成的，這半輩子一事無成，結果被待捕後給卡雷伊瑪斯收容了。
QUEST_UNUSED_20151001_000450	{nl}要是在這惡名昭彰的監獄中有一絲絲的希望就好了，他就是這樣受苦到死前最後一刻。
QUEST_UNUSED_20151001_000451	[克勞斯之死，死亡以後]
QUEST_UNUSED_20151001_000452	{nl}{nl}就這樣結束的話，如果說他的一生是由痛苦與失敗構成的人生，也不算是唯一的苦差事，因為根據傳說，他現在仍是不得免去以死去靈魂的狀態被魔族拷問著。
QUEST_UNUSED_20151001_000453	{nl}有些人說他之所以被魔族處以這樣的對待的事，是因為他的人生有著不為人知的祕密。
QUEST_UNUSED_20151001_000454	刻在柱子上的字句
QUEST_UNUSED_20151001_000455	[侏儒怪與月亮]
QUEST_UNUSED_20151001_000456	{nl}{nl}這故事不是百分百屬實，只是眾多流傳下來的傳說其中之一。根據我們所知，侏儒怪因為與利迪亞夏班下了賭注，而飛向月亮去了。
QUEST_UNUSED_20151001_000457	{nl}到達月亮之後，過著辛苦四處飛行的日子。但是到達月亮的時候，侏儒怪剛好發現一個嚴重的問題。自己騎乘前來利迪亞夏班的弓箭狀態並不是很好，甚至很難稱它為弓箭了，可見有多嚴重。
QUEST_UNUSED_20151001_000458	到剛才為止自己搭乘的(其實只是姿勢看起來很像騎乘，他是用魔力來飛行的) 整個弓箭突然呈現嚴重被腐蝕的狀態，而他自己也嚇到了。
QUEST_UNUSED_20151001_000459	[侏儒怪與利迪亞夏班的弓箭]
QUEST_UNUSED_20151001_000460	{nl}{nl}當然來到月球已經過了好一段時間，是有可能發生那種事的，但身體一離開弓箭，正要將弓箭射向月球表面時，竟然發生這種事情，對侏儒怪來說也是很荒唐的事情。
QUEST_UNUSED_20151001_000461	{nl}弓箭會變成那樣都是侏儒怪的錯。侏儒怪利用魔力讓弓箭飛行、保存在月亮上，不過利迪亞夏班的弓箭具備最初抵抗魔族的最高尚的性質。侏儒怪卻不知情，在騎乘弓箭的同時不斷消耗那魔力讓弓箭飛行，雖然飛行同時一邊看著弓箭，離開弓箭的瞬間，魔力也被切斷，那麼依靠魔力維持飛行的弓箭就好像生鏽的物體瞬間變成鏽粉一樣正漸漸消失。
QUEST_UNUSED_20151001_000462	[侏儒怪在哪裡]
QUEST_UNUSED_20151001_000463	{nl}{nl}侏儒怪仔細想了想，雖然了解箇中道哩，但還是太遲了。當然這故事不過只是一個不管是人類、女神還是魔族皆無法親自證實是否為真的傳說，說不定現在侏儒怪還正在飛向月球的路上呢。
QUEST_UNUSED_20151001_000464	{nl}也許利迪亞夏班為了尋找那剩下的弓箭躲了起來，也許他在某處迷了路也說不定。
QUEST_UNUSED_20151001_000465	雷歐普達斯
QUEST_UNUSED_20151001_000466	是啟示者啊！{nl}真高興見到你！我是凱都拉歐姆商團的負責管理的新團員，我叫做雷歐普達斯。真的很高興見到你啊！
QUEST_UNUSED_20151001_000467	{nl}能這樣見到你真是有緣，聊個天吧…怎麼樣？
QUEST_UNUSED_20151001_000468	我們商團？{nl}你想知道甚麼，要不要我告訴你？
QUEST_UNUSED_20151001_000469	{nl}其實我們商團才是這世界上不可或缺的存在呢！{nl}我不知道你知不知情，{nl}但為了讓水晶礦山永久存活，不管是採掘礦物的買賣{nl}還是星之塔、大教堂、大地要塞這樣的大型工程的原物料供等我們都有在經營。
QUEST_UNUSED_20151001_000470	{nl}沒錯。這件事的罪魁禍首就是我們啦！ {nl}嚇到了吧？
QUEST_UNUSED_20151001_000471	有空的話希望你到瑪那哈斯幫助我們商團的營運。{nl}那裏有我負責的新團員，到我這裡做事的話可以幫忙尤拉泰或馬勒傑利尤思的業務。{nl}這樣一來你也算是一名正當的凱都拉歐姆商團的助手了。我總算有空閒做其他事了。
QUEST_UNUSED_20151001_000472	就算是我們商團也是會經過一陣子難熬的時期。{nl}現在可說就是那樣的時期嘛？{nl}不管怎樣我們正致力於經營這個地區。
QUEST_UNUSED_20151001_000473	下次見吧！
QUEST_UNUSED_20151001_000474	啊，如果是那個位置的話我應該知道是怎樣的聖物喔！{nl}比起利用道具，先用手挖挖看吧！{nl}請小心不要打破挖出來的東西，並轉交給我。
QUEST_UNUSED_20151001_000475	不會很難的。
QUEST_UNUSED_20151001_000476	小心不要打破。
QUEST_UNUSED_20151001_000477	這是為了保存重要文件或資料而使用過的裝有祕密墨水的瓶子。{nl}有必要將記錄隱藏起來的時候，會告知已使用墨水。{nl}謝謝。
QUEST_UNUSED_20151001_000478	安塔雷士
QUEST_UNUSED_20151001_000479	您好。{nl}我是路德宗團的安塔雷士。{nl}女神消失後，不與其他宗派的鬧分支或爭吵，反而默默地等待著女神，做著自己該做的事的宗派就是我們路德宗團。
QUEST_UNUSED_20151001_000480	{nl}我正在這建造聖所。{nl}而且確實必須尋找製造聖所的材料，但人手實在不足。{nl}你能幫助我嗎？
QUEST_UNUSED_20151001_000481	我正在這裡建造聖所，另外其他團員在別處也為了在製造女神的經典，正供應著相關材料，或是尋找集整理路德宗團先賢記錄等工作。
QUEST_UNUSED_20151001_000482	材料只有一兩樣而已。{nl}請聽好了。{nl}必須從怪物身上獲取石灰粉，然後從被覆蓋的石頭堆中取得石材用的石頭。
QUEST_UNUSED_20151001_000483	{nl}會很忙的喔。
QUEST_UNUSED_20151001_000484	請加油！
QUEST_UNUSED_20151001_000485	哇做得真好！
QUEST_UNUSED_20151001_000486	那個…大地要塞的怪物身上掉落的嗎？{nl}這是過去露克立斯部隊士兵身上的物品。{nl}
QUEST_UNUSED_20151001_000487	你帶來的東西對我們騎士團的研究會很有幫助的。{nl}可以再帶多一點給我們嗎？
QUEST_UNUSED_20151001_000488	位於大地要塞的怪物們身上竟然有這種東西…{nl}真有趣啊！
QUEST_UNUSED_20151001_000489	這樣就夠了。{nl}謝謝你幫助我們的研究。
QUEST_UNUSED_20151001_000490	有甚麼事嗎？{nl}你要把這個給我嗎？{nl}
QUEST_UNUSED_20151001_000491	你嚇到了啊！這些都寫在過去士兵們的生活記錄裡。 {nl}你得趕快將這個資料送到騎士團那裏去。謝謝你了。
QUEST_UNUSED_20151001_000492	不行！{nl}拜託不要搶走那枚戒指…
QUEST_UNUSED_20151001_000493	那是炸彈啊… 還是未爆彈啊？{nl}我可以看看嗎？
QUEST_UNUSED_20151001_000494	這是舊型的嘛！{nl}書上都可以看到的炸彈。
QUEST_UNUSED_20151001_000495	士兵靈魂
QUEST_UNUSED_20151001_000496	無法向部隊成員們下達撤退指令。{nl}必須要吹喇叭…
QUEST_UNUSED_20151001_000497	不下令撤退的話我們會全數滅亡的。{nl}喇叭…
QUEST_UNUSED_20151001_000498	謝謝你。你的所屬是哪裡呢？{nl}我現在得回到露克立斯主人那裏去了…
QUEST_UNUSED_20151001_000499	等一下！請聽一下這個人說的。{nl}如果想要找回別人的傳家之寶，就要交出獲得祝福的水晶。{nl}
QUEST_UNUSED_20151001_000500	一開始給了爛水晶，讓人失去了性命。{nl}哈！真是的。那麼現在要變本加厲連死人也叫醒詢問。{nl}
QUEST_UNUSED_20151001_000501	詢問如何召喚死人，他叫我跟他買亡者卷軸。{nl}所以我問他多少錢，他叫我獵殺怪物，用藍色塗料當貨款支付。{nl}
QUEST_UNUSED_20151001_000502	那個老騙子一定是趁我去取得藍色塗料的時候逃走的！{nl}你可以幫我嗎？
QUEST_UNUSED_20151001_000503	我太興奮，講話前言不對後言。我慢慢說給你聽。{nl}我是侍從大師尤斯堤那勒肯的朋友沃里亞。{nl}
QUEST_UNUSED_20151001_000504	那個寬恕者所說的死者是我朋友的父親賈伊流斯勒肯。{nl}失蹤的賈伊流斯勒肯過逝本身就很荒唐，但你看看他的態度。{nl}
QUEST_UNUSED_20151001_000505	那個老頭一邊說要將勒肯的傳家之寶還給遺屬，一邊滿足自己私欲。{nl}可憐的尤斯堤那..{nl}
QUEST_UNUSED_20151001_000506	藍色塗料可以從亞卡烏汀三岔路口的怪物身上取得。{nl}拜託你了。
QUEST_UNUSED_20151001_000507	那個唐突的小女孩知道亡者卷軸值多少錢才這樣嗎？{nl}雖然可惜但是現在沒關係了。{nl}
QUEST_UNUSED_20151001_000508	想說幫幫可憐人，但竟然受到這種恥辱，真是讓人受不了。{nl}用這個尋找賈伊流斯，直接詢問看看！{nl}
QUEST_UNUSED_20151001_000509	尋找看看米雷斯墳墓邊的封印。{nl}聽說那個朋友在附近死掉。
QUEST_UNUSED_20151001_000510	這個騙子沒有收回獲得祝福的水晶的話沒有打算要讓步。{nl}真狠毒。
QUEST_UNUSED_20151001_000511	天啊！女神啊！{nl}沒想到在這種地方可以遇見人..{nl}
QUEST_UNUSED_20151001_000512	拜託幫幫我。{nl}我從星之塔開始就被追蹤者和魔族追逐。{nl}
QUEST_UNUSED_20151001_000513	在我用信號彈發信號給同伴的時候，你可以陪著我嗎？{nl}我必須告訴另外二位和我一起來這裡的同伴說我還活著。
QUEST_UNUSED_20151001_000514	追蹤者們連這裡也..{nl}如果不是你，我就慘了　
QUEST_UNUSED_20151001_000515	你.. 就像女神們在我身邊似的。{nl}沒錯，比那個討厭的吉特涅好多了。{nl}
QUEST_UNUSED_20151001_000516	我是魔君主哈勃克。{nl}也許你已經和我的其它碎片見過了。{nl}但是那個碎片和我是不一樣，我不知道你是誰..{nl}
QUEST_UNUSED_20151001_000517	我透過這個叫阿卡達斯的人類從魔族手中逃出。{nl}但是阿卡達斯中了魔族的麻痺毒快要死掉了。{nl}
QUEST_UNUSED_20151001_000518	我知道你不相信我。{nl}但是請你救救這善良的朝聖者。{nl}如果你取回深藍香草，就可以救他。
QUEST_UNUSED_20151001_000519	(好像昏迷了。)
QUEST_UNUSED_20151001_000520	這個可以救阿卡達斯。{nl}沒有東西可以報答你的善意。{nl}
QUEST_UNUSED_20151001_000521	在你眼你我是那個要被消滅的魔族吧！{nl}但是阿卡達斯醒來時，他會說明一切的。
QUEST_UNUSED_20151001_000522	凱爾利斯騎士團嗎？好。{nl}雖然我們無法完全相信你，但是如你幫助我的計劃，我想可以帶你一起去。{nl}
QUEST_UNUSED_20151001_000523	大地要塞是露克立斯軍最後的扺抗地，知道吧？{nl}如螞蟻窩般挖地洞造出的地方。{nl}
QUEST_UNUSED_20151001_000524	現在王國軍們如鐵桶般緊緊守護著。{nl}不奇怪嗎？{nl}
QUEST_UNUSED_20151001_000525	判亂是400年前的事，現在是神樹之日什麼的，兵力也不足啊。{nl}이 城市狀況也不太好，就算具有歷史意義，但是需要守護到那個程度嗎？{nl}
QUEST_UNUSED_20151001_000526	在王國的背後好像在進行什麼見不得人的交易。{nl}如果不是為何要守護這個和石塊沒兩樣的地方。{nl}
QUEST_UNUSED_20151001_000527	凱爾利斯騎士團注意到那裡，好奇那裡也許有什麼。{nl}他們只要得到約定的東西，就算隨便行動，他們也會當作沒看見。{nl}
QUEST_UNUSED_20151001_000528	啊！我當然會不讓王國軍知道偷偷地進入大地要塞裡充滿寶物的房間。{nl}裡面一定堆滿了軍費或是其他什麼的。{nl}
QUEST_UNUSED_20151001_000529	先幫我收集集合地的露克立斯時代的記錄物。{nl}如果要穿越守護在那的滴水嘴怪需要那個。
QUEST_UNUSED_20151001_000530	邪靈祭司 尤塔
QUEST_UNUSED_20151001_000531	我正在尋找澤米娜女神的下落。{nl}女神下落不明這件事大家都知道。{nl}
QUEST_UNUSED_20151001_000532	聽到女神祝福真理之樹教團的消息而來到這裡.. {nl}這裡卻只充滿亡者。{nl}
QUEST_UNUSED_20151001_000533	如果你會繼續待在這個墓園，可以幫幫我嗎？{nl}這些亡者光靠我的力量無法解決，他們只要聽到祈禱聲就會跑過來。{nl}
QUEST_UNUSED_20151001_000534	必須對女神祈禱才能確認她是否在附近。
QUEST_UNUSED_20151001_000535	真的嗎？雖然只是口頭說說但還是感謝。{nl}其實我一個人連祈禱也很累。{nl}
QUEST_UNUSED_20151001_000536	那麼入棺室的亡者就拜託你了。{nl}這段時間我會祈禱看看女神在哪裡。
QUEST_UNUSED_20151001_000537	想說如果是這裡應該可以找到澤米娜女神的下落，結果這裡竟然充滿了亡者..{nl}我第一次見到這種情況，我得快點找到澤米娜大人。
QUEST_UNUSED_20151001_000538	啊！回來了啊。{nl}託你的福在進行祈禱時，屍體沒有撲過來。{nl}
QUEST_UNUSED_20151001_000539	但是這裡也是對女神祈禱沒有用的樣子。
QUEST_UNUSED_20151001_000540	咒術人偶[邪靈祭司轉職]
QUEST_UNUSED_20151001_000541	倒下傭兵的屍體
QUEST_UNUSED_20151001_000542	詢問該怎麼辦。
QUEST_UNUSED_20151001_000543	要我看著辦所以拒絕。
QUEST_UNUSED_20151001_000544	利迪亞夏班與造箭者的弓箭[造箭者轉職]
QUEST_UNUSED_20151001_000545	我會找找看箭矢。
QUEST_UNUSED_20151001_000546	因為沒信心而放棄。
QUEST_UNUSED_20151001_000547	詢問如果馴服怪物。
QUEST_UNUSED_20151001_000548	胡說八道。
QUEST_UNUSED_20151001_000549	一發必中[黑暗騎兵轉職]
QUEST_UNUSED_20151001_000550	我有信心。
QUEST_UNUSED_20151001_000551	拒絕說並非如此。
QUEST_UNUSED_20151001_000552	我會轉交。
QUEST_UNUSED_20151001_000553	因為可疑而拒絕。
QUEST_UNUSED_20151001_000554	我會帶帳簿來。
QUEST_UNUSED_20151001_000555	我下次會再來。
QUEST_UNUSED_20151001_000556	我會解決。
QUEST_UNUSED_20151001_000557	給我考慮的時間。
QUEST_UNUSED_20151001_000558	某人的記錄(1)
QUEST_UNUSED_20151001_000559	正在刮灰塵
QUEST_UNUSED_20151001_000560	柱子裡一掉出黑粉，怪物一看到就蜂湧而上！
QUEST_UNUSED_20151001_000561	正在抖出黑粉
QUEST_UNUSED_20151001_000562	一抖出黑粉就看到某個記錄！
QUEST_UNUSED_20151001_000563	某人的記錄(2)
QUEST_UNUSED_20151001_000564	也許是因為白天的關係，夜光蟲沒有發光！{nl}請從周邊怪物身上取回可以當夜光蟲食物的怪物油脂！
QUEST_UNUSED_20151001_000565	必須要收集怪物油脂才可以閱讀字句！
QUEST_UNUSED_20151001_000566	再次觀察中
QUEST_UNUSED_20151001_000567	夜光蟲開始發出光芒！
QUEST_UNUSED_20151001_000568	某人的記錄(3)
QUEST_UNUSED_20151001_000569	正在觀察柱子
QUEST_UNUSED_20151001_000570	站在柱子附近，說出從某個地方獲得的數字吧！
QUEST_UNUSED_20151001_000571	柱子的字句閱讀中
QUEST_UNUSED_20151001_000572	刻在柱子上的人物(1)
QUEST_UNUSED_20151001_000573	太暗了看不見！請在周圍採集發光苔蘚！
QUEST_UNUSED_20151001_000574	正在閱讀柱子的字句
QUEST_UNUSED_20151001_000575	多虧有發光苔蘚，可以閱讀字句了！
QUEST_UNUSED_20151001_000576	刻在柱子上的人物(2)
QUEST_UNUSED_20151001_000577	也沒有碰柱子，柱子就倒下了！{nl}請從怪物那裡莪回修理柱子時所用的黏性液體！
QUEST_UNUSED_20151001_000578	需要黏性液體。
QUEST_UNUSED_20151001_000579	柱子修理中
QUEST_UNUSED_20151001_000580	刻在柱子上的人物(3)
QUEST_UNUSED_20151001_000581	正在塞碎片進去
QUEST_UNUSED_20151001_000582	已變成可以閱讀字句的狀態！
QUEST_UNUSED_20151001_000583	收集聖物(4)
QUEST_UNUSED_20151001_000584	我會去挖掘。
QUEST_UNUSED_20151001_000585	聖物挖掘中
QUEST_UNUSED_20151001_000586	已發現聖物！
QUEST_UNUSED_20151001_000587	我會收集看看。
QUEST_UNUSED_20151001_000588	不會再進入了。
QUEST_UNUSED_20151001_000589	記載著露克立斯部隊的相關事蹟。
QUEST_UNUSED_20151001_000590	撤退指令
QUEST_UNUSED_20151001_000591	旅程的開始(1)
QUEST_UNUSED_20151001_000592	旅程的開始(2)
QUEST_UNUSED_20151001_000593	旅程的開始(3)
QUEST_UNUSED_20151001_000594	旅程的開始(4)
QUEST_UNUSED_20151001_000595	歐勒夏(1)
QUEST_UNUSED_20151001_000596	歐勒夏(2)
QUEST_UNUSED_20151001_000597	歐勒夏(3)
QUEST_UNUSED_20151001_000598	帶著感恩之心
QUEST_UNUSED_20151001_000599	非常想要獻給你
QUEST_UNUSED_20151001_000600	迷失於森林(1)
QUEST_UNUSED_20151001_000601	迷失於森林(2)
QUEST_UNUSED_20151001_000602	沒有主人的物品
QUEST_UNUSED_20151001_000603	不安全的安全地帶
QUEST_UNUSED_20151001_000604	無法休息的移居民
QUEST_UNUSED_20151001_000605	消失的主教(1)
QUEST_UNUSED_20151001_000606	消失的主教(2)
QUEST_UNUSED_20151001_000607	消失的主教(3)
QUEST_UNUSED_20151001_000608	消失的主教(5)
QUEST_UNUSED_20151001_000609	尋找被消除的痕跡
QUEST_UNUSED_20151001_000610	被燒毀的蹤跡(1)
QUEST_UNUSED_20151001_000611	被燒毀的蹤跡(2)
QUEST_UNUSED_20151001_000612	尋找被消除的痕跡(5)
QUEST_UNUSED_20151001_000613	尋找被消除的痕跡(6)
QUEST_UNUSED_20151001_000614	情報員的苦差
QUEST_UNUSED_20151001_000615	消除味道
QUEST_UNUSED_20151001_000616	轉變方向
QUEST_UNUSED_20151001_000617	怪物群落地(1)
QUEST_UNUSED_20151001_000618	怪物群落地(2)
QUEST_UNUSED_20151001_000619	大規模搜索(1)
QUEST_UNUSED_20151001_000620	大規模搜索(2)
QUEST_UNUSED_20151001_000621	大規模搜索(3)
QUEST_UNUSED_20151001_000622	大規模搜索(4)
QUEST_UNUSED_20151001_000623	大規模搜索(5)
QUEST_UNUSED_20151001_000624	大規模搜索(6)
QUEST_UNUSED_20151001_000625	輔助活動
QUEST_UNUSED_20151001_000626	可疑場所
QUEST_UNUSED_20151001_000627	事前調查(1)
QUEST_UNUSED_20151001_000628	事前調查(2)
QUEST_UNUSED_20151001_000629	汙染的怪物
QUEST_UNUSED_20151001_000630	比錢還珍貴的性命
QUEST_UNUSED_20151001_000631	回收本錢
QUEST_UNUSED_20151001_000632	危險線索(1)
QUEST_UNUSED_20151001_000633	危險線索(2)
QUEST_UNUSED_20151001_000634	危險線索(3)
QUEST_UNUSED_20151001_000635	烏魯波納斯的下落(1)
QUEST_UNUSED_20151001_000636	烏魯波納斯的下落(2)
QUEST_UNUSED_20151001_000637	烏魯波納斯的下落(3)
QUEST_UNUSED_20151001_000638	烏魯波納斯的下落(4)
QUEST_UNUSED_20151001_000639	烏魯波納斯的下落(5)
QUEST_UNUSED_20151001_000640	烏魯波納斯的下落(6)
QUEST_UNUSED_20151001_000641	烏魯波納斯的下落(7)
QUEST_UNUSED_20151001_000642	辦事確實
QUEST_UNUSED_20151001_000643	新敵人
QUEST_UNUSED_20151001_000644	魔族包袱(1)
QUEST_UNUSED_20151001_000645	魔族包袱(2)
QUEST_UNUSED_20151001_000646	掌心之中(5)
QUEST_UNUSED_20151001_000647	掌心之中(6)
QUEST_UNUSED_20151001_000648	如果又如果(1)
QUEST_UNUSED_20151001_000649	如果又如果(2)
QUEST_UNUSED_20151001_000650	驅逐
QUEST_UNUSED_20151001_000651	募集囚犯
QUEST_UNUSED_20151001_000652	在更深處(1)
QUEST_UNUSED_20151001_000653	在更深處(2)
QUEST_UNUSED_20151001_000654	在更深處(3)
QUEST_UNUSED_20151001_000655	在更深處(4)
QUEST_UNUSED_20151001_000656	請再等一下。
QUEST_UNUSED_20151001_000657	全部還原(1)
QUEST_UNUSED_20151001_000658	全部還原(2)
QUEST_UNUSED_20151001_000659	除銹
QUEST_UNUSED_20151001_000660	珍貴的
QUEST_UNUSED_20151001_000661	想法轉換
QUEST_UNUSED_20151001_000662	全部還原(3)
QUEST_UNUSED_20151001_000663	餵食飛行型怪物
QUEST_UNUSED_20151001_000664	馴鷹者大師要試試看怪物是否可以代替馴鷹者用，請對三種飛行型怪物餵食食物，並試著馴服牠們。
QUEST_UNUSED_20151001_000665	跟馴鷹者大師報告
QUEST_UNUSED_20151001_000666	馴服怪物失敗了。回去找馴鷹者大師。
QUEST_UNUSED_20151001_000667	到祈願森林找黑暗騎兵大師吧！
QUEST_UNUSED_20151001_000668	對普通怪物連續命中200次
QUEST_UNUSED_20151001_000669	黑暗騎兵大師說要觀察你是否具備準確命中鎖定敵人的實力。請攻擊普通怪物，連線命中200次吧！
QUEST_UNUSED_20151001_000670	沒有失誤已連續命中全部敵人。回去找黑暗騎兵大師。
QUEST_UNUSED_20151001_000671	尋找躲藏的接頭人並轉交物品
QUEST_UNUSED_20151001_000672	武僧大師說去見巴伊爾派人的人轉交他給的物品。因為接頭人躲起來，所以前往武僧大師寫在紙條上的場所直接說出暗號，並將物品轉交給接頭人。
QUEST_UNUSED_20151001_000673	跟武僧大師報告
QUEST_UNUSED_20151001_000674	順利地將物品轉交給接頭人了。回去找武僧大師。
QUEST_UNUSED_20151001_000675	搜索寬恕者大師的帳簿
QUEST_UNUSED_20151001_000676	寬恕者大師說他持有的帳簿被撕碎無法使用了。請到修道院 35_3幫忙找回寬恕者大師所隱藏的備份帳簿。
QUEST_UNUSED_20151001_000677	已找到寬恕者大師的帳簿。回去找寬恕者大師。
QUEST_UNUSED_20151001_000678	收集植物怪物的樣本
QUEST_UNUSED_20151001_000679	德魯伊大師說他正在調查神樹之日以後過度成長的植物。幫助他的研究，請消滅植物型怪物並收集樣本。愈強的怪物可以獲得愈多的樣本。
QUEST_UNUSED_20151001_000680	轉交給德魯伊大師
QUEST_UNUSED_20151001_000681	已充份收集植物型怪物的樣本。回去找德魯伊大師。
QUEST_UNUSED_20151001_000682	在峽谷地帶 36_1設置淨化的羅姆巴
QUEST_UNUSED_20151001_000683	神諭師大師說最近魔氣變強，他自身的能力受到防礙。特別是魔氣變強防礙最嚴重的峽谷地帶 36_1，去那裡設置淨化的羅姆巴吧！
QUEST_UNUSED_20151001_000684	跟神諭師大師報告
QUEST_UNUSED_20151001_000685	已設置好淨化的羅姆巴。回去找神諭師大師。
QUEST_UNUSED_20151001_000686	開啟寶箱
QUEST_UNUSED_20151001_000687	避開石化霜消滅怪物
QUEST_UNUSED_20151001_000688	一打開寶箱，微弱石化霜就出現，連周圍的怪物也跑過來！避開石化霜，消滅所有怪物吧！
QUEST_UNUSED_20151001_000689	觀察柱子
QUEST_UNUSED_20151001_000690	一進入卡魯艾平野就看到非常多的柱子，有令人印象很深刻的柱子，請靠近觀察看看。
QUEST_UNUSED_20151001_000691	守護柱子
QUEST_UNUSED_20151001_000692	怪物們蜂湧而上攻擊柱子！請守護柱子。
QUEST_UNUSED_20151001_000693	從柱子裡抖出粉末
QUEST_UNUSED_20151001_000694	怪物們會湧入的理由是這黑粉看起來像食物的關係嗎？已擊退所有怪物，將柱子上的黑粉全部抖掉吧！
QUEST_UNUSED_20151001_000695	包含某人的記錄的柱子好像還有，請觀察柱子。如果有夜光蟲，就算很暗也可以閱讀柱子的字句。
QUEST_UNUSED_20151001_000696	取得怪物油脂
QUEST_UNUSED_20151001_000697	如果要讓夜光蟲在白天也發光需要怪物油脂。請狩獵怪物收集怪物油脂。
QUEST_UNUSED_20151001_000698	閱讀刻在柱子上的字句
QUEST_UNUSED_20151001_000699	已收集好怪物油脂，帶去柱子那裡，用夜光蟲的光閱讀刻在柱子上的字句。
QUEST_UNUSED_20151001_000700	消滅怪物獲得怪物油脂
QUEST_UNUSED_20151001_000701	其它柱子上好像還有某人的記錄，請觀察柱子。
QUEST_UNUSED_20151001_000702	說出數字
QUEST_UNUSED_20151001_000703	上頭寫著如果說出在卡魯艾平野的某處獲得的提示數字，就可以閱讀柱子的字句，靠近柱子在聊天視窗上輸入數字。
QUEST_UNUSED_20151001_000704	已經開始可以看見柱子上刻了什麼！請閱讀看看！
QUEST_UNUSED_20151001_000705	柱子好像出現了！靠近觀察看看吧！
QUEST_UNUSED_20151001_000706	補修柱子
QUEST_UNUSED_20151001_000707	如果要閱讀召喚柱子的字句需要有發光苔蘚，請在周圍取得看看。但是，如果5分內沒有回來，就要等下一個柱子出現，所以請加快行動。
QUEST_UNUSED_20151001_000708	閱讀柱子的字句
QUEST_UNUSED_20151001_000709	現在可以閱讀柱子的字句，前往柱子閱讀看看吧！
QUEST_UNUSED_20151001_000710	其它柱子上應該還有接續這故事的其它記錄存在，請觀察柱子。
QUEST_UNUSED_20151001_000711	取回黏性液體
QUEST_UNUSED_20151001_000712	也沒有碰柱子，柱子就倒下了！需要修理柱子，從周圍常見怪物身上取回怪物的黏性液體吧！
QUEST_UNUSED_20151001_000713	修理柱子
QUEST_UNUSED_20151001_000714	已收集好黏性液體，現在回去補修柱子吧！
QUEST_UNUSED_20151001_000715	消滅怪物取回%s
QUEST_UNUSED_20151001_000716	取得黏性液體
QUEST_UNUSED_20151001_000717	剩下的故事好像寫在那個柱子上，靠近觀察看看。
QUEST_UNUSED_20151001_000718	在柱子裡塞入碎片
QUEST_UNUSED_20151001_000719	將持有的紋樣碎片塞入好像正好，將碎片塞入看看。但是，如果放棄任務紋樣碎片會消失。紋樣碎片消失時，如果再前往柱子那裡，可以獲得紋樣碎片。
QUEST_UNUSED_20151001_000720	將持有的紋樣碎片塞入好像正好，將碎片塞入看看。
QUEST_UNUSED_20151001_000721	請和尤拉泰繼續進行和聖物有關的對話。
QUEST_UNUSED_20151001_000722	前來挖掘聖物
QUEST_UNUSED_20151001_000723	前往用探索棒找到的地方，並試著小心挖掘聖物。
QUEST_UNUSED_20151001_000724	跟尤拉泰報告
QUEST_UNUSED_20151001_000725	好像找到聖物了。請拿去給尤拉泰。
QUEST_UNUSED_20151001_000726	葳荷米娜凱利奧特目不轉睛地看著你所持有的東西。請和葳荷米娜凱利奧特對話。
QUEST_UNUSED_20151001_000727	收集露克立斯的部隊印章和羊皮紙文件
QUEST_UNUSED_20151001_000728	葳荷米娜凱利奧特想要有更多的材料，到大地要塞取得值得的情報。
QUEST_UNUSED_20151001_000729	轉交給葳荷米娜凱利奧特
QUEST_UNUSED_20151001_000730	這程度葳荷米娜凱利奧特應該會滿足，請轉交給葳荷米娜凱利奧特。
QUEST_UNUSED_20151001_000731	和露克立斯部隊士兵靈魂對話
QUEST_UNUSED_20151001_000732	請和露克立斯部隊士兵靈魂對話。
QUEST_UNUSED_20151001_000733	吹響號角並告知靈魂們撤退命令
QUEST_UNUSED_20151001_000734	請吹響號角並告知露克立斯部隊士兵靈魂們撤退命令。
QUEST_UNUSED_20151001_000735	和祭司伊魯瑪對話
QUEST_UNUSED_20151001_000736	亞夏克地牢3樓的祭司伊魯瑪正在等待某人的幫助。
QUEST_UNUSED_20151001_000737	一進入到隱居地，魔君主馬魯若斯突然襲擊了！
QUEST_UNUSED_20151001_000738	已消滅魔君主馬魯若斯。請和祭司伊魯瑪對話。
QUEST_UNUSED_20151001_000739	消滅魔君主馬魯若斯
QUEST_UNUSED_20151001_000740	已採集石頭！
QUEST_UNUSED_20151001_000741	什麼也得不到。
QUEST_UNUSED_20161118_000742	委託石
QUEST_UNUSED_20161118_000743	我們魔法協會為了研究各地區的怪物，而在收集怪物的標本。{nl}希望你可以多參與。
QUEST_UNUSED_20161118_000744	收集回來的材料魔法協會將會珍惜地研究。{nl}非常謝謝你的協助。
QUEST_UNUSED_20161118_000745	雖然了解你的熱情，但實力如何呢?{nl}從魔法師之塔帶回畢拉空的碎片和綠色德雷克的鱗片吧。
QUEST_UNUSED_20161118_000746	如果施術者的靈魂未經鍛鍊，會被死靈法師咒術的邪惡氣息侵蝕。{nl}跟我戰鬥，證明你的靈魂有多強。
QUEST_UNUSED_20161118_000747	這些就是樣品啊。這樣就能滿足交易條件了。{nl}很好。我會負責讓你變得更強。
QUEST_UNUSED_20161118_000748	身為聖火祭司當然會想登上更高的境界，去膜拜一下佩迪米安的女神像再回來找我。{nl}聖地巡禮不就是盡全力做對女神應盡義務的必經過程嗎？
QUEST_UNUSED_20161118_000749	我有個委託絕對不想被鎖鏈法師大師搶走。{nl}如果你替忙碌的我處理那件委託，我就教你念力的運用方法。怎麼樣？
QUEST_UNUSED_20161118_000750	厲害！{nl}現在別管鎖鏈法師大師了，我們來聊聊念力吧。
QUEST_UNUSED_20161118_000751	拿著鑰匙的幽靈范托應該就在周圍…{nl}真奇怪呢。
QUEST_UNUSED_20161118_000752	果然不能小看。沒有受傷吧。{nl}下一個碑文就在前往迪基內岔路的路上。
QUEST_UNUSED_20161118_000753	在接受我的指導之前，我能幫助你體會實戰的感覺。{nl}
QUEST_UNUSED_20161118_000754	我以為要花一點時間，動作挺快的嘛。{nl}我們不是師徒關係而是戰友關係，請多多指教。
QUEST_UNUSED_20161118_000755	只要能擁有石化都市中心街道上生猛的原木，什麼我都答應你…{nl}例如教導讓你成為雕刻師之類的。
QUEST_UNUSED_20161118_000756	外城壁的裝置很多都很危險。{nl}若是怪物們不小心碰到而運轉會發生問題的，真是令人擔心。
QUEST_UNUSED_20161118_000757	真的嗎？{nl}鬆了一口氣。
QUEST_UNUSED_20161118_000758	在這裡調查讓人膽顫心驚。
QUEST_UNUSED_20161118_000759	幸好。{nl}這些應該是沒問題了。
QUEST_UNUSED_20161118_000760	怎麼會…怪物躲起來了啊。{nl}即便如此還能平安回來真是太幸運了。
QUEST_UNUSED_20161118_000761	那小子居然暈過去了..{nl}看來啟示者你比我想像的更強阿。真佩服。{nl}若是與啟示者你一起，我看修復修道院也輕而易舉了吧。
QUEST_UNUSED_20161118_000762	魔法協會的收集委託
QUEST_UNUSED_20161118_000763	協助吧
QUEST_UNUSED_20161118_000764	好像沒有幫忙的空閒。
QUEST_UNUSED_20161118_000765	保管室可疑的秘密裝置
QUEST_UNUSED_20161118_000766	囚犯的信件(2)
QUEST_UNUSED_20161118_000767	外城壁核心回收作戰(1)
QUEST_UNUSED_20161118_000768	正在和其他奎波爾們說調查的內容
QUEST_UNUSED_20161118_000769	怪物們好像非常具威脅性的樣子
QUEST_UNUSED_20161118_000770	一點也不危險
QUEST_UNUSED_20161118_000771	外城壁的證據保存
QUEST_UNUSED_20161118_000772	在那之前一起逃吧
QUEST_UNUSED_20161118_000773	確認委託石
QUEST_UNUSED_20161118_000774	請確認魔法協會的委託石。
QUEST_UNUSED_20161118_000775	獲得怪物標本
QUEST_UNUSED_20161118_000776	魔法協會的委託石為了怪物研究，請求收集怪物的標本。請消滅周圍的怪物，並從怪物那裡收集可以獲得的部位。
QUEST_UNUSED_20161118_000777	向委託石報告
QUEST_UNUSED_20161118_000778	這程度，應該已經充份收集怪物的標本了。請回去到委託石那吧。
QUEST_UNUSED_20161118_000779	和重裝步兵次級大師對話
QUEST_UNUSED_20161118_000780	請去找夏奧雷伊西邊森林的重裝步兵次級大師。
QUEST_UNUSED_20161118_000781	首先越過夏奧雷伊礦山村莊，經過斯拉屋塔斯峽谷和凱利高原，進入泰內聖堂。 為了證明你變強的決心，請到泰內聖堂地下1層取得葛利查頓的皮革，地上1層取得卡露克的獠牙，然後到地上2層取得伊諾溫的黑粉給我。
QUEST_UNUSED_20161118_000782	證明想變強的決心所需的材料已經全部收集到了。請回去找重裝步兵次級大師。
QUEST_UNUSED_20161118_000783	與念力法師次級大師對話
QUEST_UNUSED_20161118_000784	請去找夏奧雷伊礦山村莊的念力法師次級大師。
QUEST_UNUSED_20161118_000785	念力法師大師勸你如果對這領域很有興趣的話，要不要先當他的助手。先幫念力法師大師帶來他所需要的荊棘心山溝的梅修花怪身上的花蕊。
QUEST_UNUSED_20161118_000786	轉交給念力法師次級大師
QUEST_UNUSED_20161118_000787	已取得足夠的死亡魔特斯的尾針。請回去交給念力法師次級大師。
QUEST_UNUSED_20161118_000788	和鎖鏈法師次級大師對話。
QUEST_UNUSED_20161118_000789	請去找夏奧雷伊礦山村莊的鎖鏈法師次級大師。
QUEST_UNUSED_20161118_000790	鎖鏈法師次級大師非常著重敞開人心的鎖鏈法師的天賦。看出鎖鏈法師的天賦需要經過考驗，請在泰內聖堂地上1層把考驗所需的寇利羅斯之核與卡露克的血帶回。
QUEST_UNUSED_20161118_000791	轉交材料給鎖鏈法師次級大師
QUEST_UNUSED_20161118_000792	已收集到考驗所需的所有材料了。請把材料轉交給鎖鏈法師次級大師。
QUEST_UNUSED_20161118_000793	已消滅 肆意破壞貓頭鷹雕像的王座大蜘蛛。請再與悲傷的貓頭鷹對話。
QUEST_UNUSED_20161118_000794	為了國民和盾牌的劍[高地戰士轉職]
QUEST_UNUSED_20161118_000795	飛禽的妨礙[輕裝步兵轉職]
QUEST_UNUSED_20161118_000796	雖然高地戰士大師好像很抱歉，但不能退縮。重新和高地戰士大師對話。
QUEST_UNUSED_20161118_000797	第一支箭[弓箭手轉職]
QUEST_UNUSED_20161118_000798	治療師之路[牧師轉職]
QUEST_UNUSED_20161118_000799	永遠的敬拜[聖火祭司轉職]
QUEST_UNUSED_20161118_000800	法師大師似乎對於附近被怪物盤據卻沒有任何人要出面的情況感到相當不滿。請前往夏奧雷伊東邊森林消滅鋼鐵巴溫。
QUEST_UNUSED_20161118_000801	確認前往第1保管倉庫路上的秘密裝置
QUEST_UNUSED_20161118_000802	前往第1保管倉庫的路上有一秘密裝置。這次稍微觀察一下是什麼裝置吧。
QUEST_UNUSED_20161118_000803	破壞秘密裝置周邊出現的冰結水晶
QUEST_UNUSED_20161118_000804	這秘密裝置是個陷阱。請破壞所有出現在周邊的冰結水晶！
QUEST_UNUSED_20161118_000805	外城壁核心回收作戰
QUEST_UNUSED_20161118_000806	和奎波爾密爾達對話
QUEST_UNUSED_20161118_000807	看來得要調查一下外城壁的核心，到外城壁第9區域找奎波爾密爾達。
QUEST_UNUSED_20161118_000808	奎波爾密爾達說核心有多重保護，而且怪物多又具攻擊性，這件事不太容易處理。為了安全的調查，請消滅周圍的怪物。
QUEST_UNUSED_20161118_000809	周圍的怪物已消滅至某種程度，回去找奎波爾密爾達。
QUEST_UNUSED_20161118_000810	奎波爾密爾達好像有話要說，和奎波爾密爾達對話。
QUEST_UNUSED_20161118_000811	消滅外城壁第9區域的怪物
QUEST_UNUSED_20161118_000812	奎波爾密爾達說如果怪物不小心誤觸外城壁的裝置而導致裝置運轉會很危險，請在問題發生之前消滅怪物。
QUEST_UNUSED_20161118_000813	跟奎波爾密爾達報告
QUEST_UNUSED_20161118_000814	已充份消滅怪物，請告訴奎波爾密爾達。
QUEST_UNUSED_20161118_000815	請繼續有關梅麗莎和聖物的對話。
QUEST_UNUSED_20161118_000816	好像找到聖物了。請拿去給梅莉莎。