QUEST_LV_0400_20161118_000001	凱都拉商團員艾達
QUEST_LV_0400_20161118_000002	因為擔心才過來的，但實在不想自己一個人進到那裡面去，{nl}所以我才這麼拜託你的。
QUEST_LV_0400_20161118_000003	又不知道裡面有什麼，怎麼進去呢？{nl}還有那些怪物...
QUEST_LV_0400_20161118_000004	難民之間流傳著一個阿爾蘭必傳說，{nl}我想確認那傳說的真實性。
QUEST_LV_0400_20161118_000005	{nl}裡面說不定會有商團想要的物品...{nl}你如果要在這洞穴裡探險的話，就順便幫我找一下傭兵團，這對你我都有好處嘛。
QUEST_LV_0400_20161118_000006	{nl}這本書送你。{nl}別什麼都不知道就進去，這本書應該對你會有點幫助。
QUEST_LV_0400_20161118_000007	祭司 林塔斯
QUEST_LV_0400_20161118_000008	祭司林塔斯正在修改紀念碑的內容。{nl}作業時間變長了。
QUEST_LV_0400_20161118_000009	托你的福，修正完紀念碑了。{nl}現在是該掌握一下祭司奇達斯和布魯納斯的進行狀況了。
QUEST_LV_0400_20161118_000010	烏格尼斯
QUEST_LV_0400_20161118_000011	雖然得到幫助，卻還是找不著造箭者之箭。{nl}先整理好這邊的事情，回到師父那去吧。
QUEST_LV_0400_20161118_000012	亞奎爾拉斯
QUEST_LV_0400_20161118_000013	為了學習箭術，才跟著來到這裡，但師父什麼都不教我，只會要我找弓箭...{nl}要是知道只是要來找弓箭的，我才不會選這麼辛苦的路哩...{nl}
QUEST_LV_0400_20161118_000014	利迪亞夏班也是。{nl}既然用那造箭者之箭還什麼的殺了集布理納斯，怎麼不把弓箭收走，就這麼丟著？
QUEST_LV_0400_20161118_000015	{nl}是傳說般的人物，受人敬仰，又有什麼用？{nl}連自己的東西都不好好愛惜了。
QUEST_LV_0400_20161118_000016	{nl}我也搞不懂師父在想什麼。{nl}難道找到那造箭者之箭還什麼的，就能獲得原諒了嗎？
QUEST_LV_0400_20161118_000017	{nl}就算退一百步想...不去找弓箭，卻要人報告植物生長狀況，我真的很無法理解。{nl}啊...好不想做啊。
QUEST_LV_0400_20161118_000018	你肯幫忙，我當然是好啊。{nl}先幫忙蒐集波皮蕨、愛爾力草和弗里亞花瓣。
QUEST_LV_0400_20161118_000019	{nl}你問這和傳說中的弓箭有什麼關係？{nl}這我也很想知道。
QUEST_LV_0400_20161118_000020	造箭者之箭還是什麼的真是..
QUEST_LV_0400_20161118_000021	梅坎
QUEST_LV_0400_20161118_000022	我還以為你是來看亞奎爾拉斯的...{nl}這個地方不只有怪物，還有魔族出沒，是個危險的地方。
QUEST_LV_0400_20161118_000023	{nl}若沒什麼事請你離..
QUEST_LV_0400_20161118_000024	{nl}啊..?{nl}喔，原來是啟示者啊。
QUEST_LV_0400_20161118_000025	{nl}你好像很好奇我跟我的弟子在這個地方做些什麼。{nl}不曉得你是否聽亞奎爾拉斯說過...
QUEST_LV_0400_20161118_000026	{nl}我是星之塔的團員，也是星之塔前團長的親生弟弟。{nl}我在依克拉斯掌控星之塔的過程當中，犯下了失誤。
QUEST_LV_0400_20161118_000027	{nl}而依克拉斯沒放過我的失誤，並且掌控了星之塔。{nl}因為如此，星之塔的團員當然對我有不好的觀感。
QUEST_LV_0400_20161118_000028	{nl}即便我表明了我不是故意的，但團員們不肯聽我解釋，和我斷絕關係。
QUEST_LV_0400_20161118_000029	{nl}我試著找出能挽回我失誤的方法...{nl}後來決定尋找利迪亞夏班的傳承物之一－造箭者之箭。
QUEST_LV_0400_20161118_000030	{nl}因為只要我能找到造箭者之箭，團員們就會願意聽我說了。{nl}在經過幾番調查之後...我判斷造箭者之箭在集布理納斯森林裡的可能性相當高。
QUEST_LV_0400_20161118_000031	{nl}所以我帶著弟子們四處尋找造箭者之箭，卻沒什麼進展。
QUEST_LV_0400_20161118_000032	收集來了啊。{nl}謝謝。
QUEST_LV_0400_20161118_000033	{nl}叫我們做這些事的師父就在營地裡，如果你想知道為什麼要找這種東西，就去問他吧。
QUEST_LV_0400_20161118_000034	{nl}那麼我就要來好好端詳這些看起來沒什麼特別的東西，有什麼特異之處了。
QUEST_LV_0400_20161118_000035	嗯...雖然非常感謝你，但這地方魔族四竄，是很危險。{nl}比起你直接去找，我更希望你能幫我掌握一下我弟子們的搜查狀況。
QUEST_LV_0400_20161118_000036	{nl}烏格尼斯在比爾卡斯的棲息地，傑諾納斯則在凱依內渡口。
QUEST_LV_0400_20161118_000037	額啊嚇我一跳，你是誰？
QUEST_LV_0400_20161118_000038	{nl}搜查狀況？{nl}現在別說是要我搜查了，連到附近去都覺得可怕。
QUEST_LV_0400_20161118_000039	{nl}那裡就是比爾卡斯的主要棲息地了，要怎麼自己去？{nl}如果能披上比爾卡斯的毛，說不定會好一點...
QUEST_LV_0400_20161118_000040	在棲息地附近捉比爾卡斯，對我們來說反而危險。{nl}奇勒巴空地那的比爾卡斯數量不輸這裡。
QUEST_LV_0400_20161118_000041	{nl}請從那地方收集來比爾卡斯之毛。
QUEST_LV_0400_20161118_000042	奇勒巴空地有許多比爾卡斯，應該能順利蒐集到比爾卡斯的毛。
QUEST_LV_0400_20161118_000043	有這麼多，怪物也會把天敵當作同伴的。
QUEST_LV_0400_20161118_000044	現在，利用比爾卡斯的毛，來搜查那些傢伙的巢穴吧。{nl}雖然棲息地相當廣闊，搜查起來應該會有點辛苦...
QUEST_LV_0400_20161118_000045	既然你說要幫我，我當然沒理由拒絕。{nl}走吧。
QUEST_LV_0400_20161118_000046	我看過的地方都沒有造箭者之箭。{nl}你有找到什麼嗎？
QUEST_LV_0400_20161118_000047	{nl}啊，好..{nl}沒有啊..
QUEST_LV_0400_20161118_000048	結果我的搜查狀況就是原地踏步而已。{nl}你說過師父想要透過你來掌握我們的搜查狀況對吧？
QUEST_LV_0400_20161118_000049	{nl}除了我之外，師父還收了兩名徒弟。{nl}一個是亞奎爾拉斯，一個是傑諾納斯。
QUEST_LV_0400_20161118_000050	{nl}亞奎爾拉斯在前往帕馬勒森林的路上，傑諾納斯則在凱依內渡口那。{nl}既然你已經見過亞奎爾拉斯...那就去找傑諾納斯吧。
QUEST_LV_0400_20161118_000051	我稍微收拾一下就會回去找師傅。
QUEST_LV_0400_20161118_000052	傑諾納斯
QUEST_LV_0400_20161118_000053	真是謝謝你。{nl}要不是有你，我就被羅裴努卡成功襲擊了。
QUEST_LV_0400_20161118_000054	是的，沒錯。{nl}我在找造箭者之箭。
QUEST_LV_0400_20161118_000055	{nl}不過如果這樣找就能找到東西的話，早就被人給拿走了吧。{nl}真是徒勞無功。
QUEST_LV_0400_20161118_000056	{nl}而且還有魔族，連生命安全都受到威脅。{nl}我真的無法理解師父這次的指示。
QUEST_LV_0400_20161118_000057	{nl}該去追究一下了。
QUEST_LV_0400_20161118_000058	要找出那個不知道在哪裡的弓箭，我想大家都很累。{nl}更何況還是在這種魔族肆虐的地方...
QUEST_LV_0400_20161118_000059	{nl}都是我的不足害的。
QUEST_LV_0400_20161118_000060	造箭者之箭是由現在造箭者大師的祖先製作而成，並交給利迪亞夏班的。{nl}難道我就不想跟造箭者大師談嗎？
QUEST_LV_0400_20161118_000061	{nl}不過...不管是造箭者大師...還是星之塔的團員，都認爲我是叛徒，不會願意幫助我的。{nl}所以我也不抱期待...
QUEST_LV_0400_20161118_000062	雖然很感謝你願意這樣為我出頭...{nl}但就算請求幫助，也沒有用的。
QUEST_LV_0400_20161118_000063	{nl}不過你也不用太失望。{nl}造箭者大師就在女神的古院裡。
QUEST_LV_0400_20161118_000064	造箭者大師
QUEST_LV_0400_20161118_000065	梅坎說要我幫他找造箭者之箭？{nl}你知道他是什麼樣的人，還這樣拜託我嗎？
QUEST_LV_0400_20161118_000066	{nl}他能找到造箭者之箭並還給我的話，我倒是願意幫他。{nl}不過找到造箭者之箭後，他一定會露出真面目，將它佔為己有的。
QUEST_LV_0400_20161118_000067	若是會做到那地步，那我會相信你看看。
QUEST_LV_0400_20161118_000068	{nl}這裝置是能探測造箭者之箭位置的製作書。{nl}把這個拿去給梅坎吧。
QUEST_LV_0400_20161118_000069	他在女神的古院。{nl}這會是趟漫長的旅程...
QUEST_LV_0400_20161118_000070	他將探測造箭者之箭的製作書交給你？
QUEST_LV_0400_20161118_000071	{nl}他怎麼會想要幫我呢？
QUEST_LV_0400_20161118_000072	{nl}啊.. 
QUEST_LV_0400_20161118_000073	{nl}原來如此。{nl}原來是聽到如果我不交出造箭者之箭就要交出人頭的話，才肯幫我的啊。
QUEST_LV_0400_20161118_000074	{nl}不會有我要交出人頭的狀況發生的。{nl}我就來讀看看這本製作書吧。
QUEST_LV_0400_20161118_000075	梅坎是將星之塔團長，也就是他親哥哥，趕下團長之位的大功臣。
QUEST_LV_0400_20161118_000076	{nl}那種人怎麼人相信。
QUEST_LV_0400_20161118_000077	據說造箭者之箭是由女神的神聖之力所造。{nl}製作書上寫說它會對魔族的魔力有所反應，所以我們需要魔族的魔力。
QUEST_LV_0400_20161118_000078	我向弟子們下達了找來魔族魔力的指示，但我擔心他們辦不辦得到。
QUEST_LV_0400_20161118_000079	你蒐集了很多呢。{nl}那麼現在需要的就是...
QUEST_LV_0400_20161118_000080	製作書上說，需要能夠控制魔族魔力的比爾卡斯的精髓。
QUEST_LV_0400_20161118_000081	我的弟子們分別到不同的地方去蒐集比爾卡斯的精髓。{nl}你只要到奇勒巴空地去蒐集比爾卡斯的精髓就行了。
QUEST_LV_0400_20161118_000082	到奇勒巴空地蒐集比爾卡斯的精髓就可以了。
QUEST_LV_0400_20161118_000083	製作探測器的所需材料都準備好了。{nl}那麼來開始製作探測器吧。
QUEST_LV_0400_20161118_000084	探測器完成了。{nl}把探測器分派給弟子們，讓他們找出造箭者之箭。
QUEST_LV_0400_20161118_000085	{nl}現在搜查造箭者之箭，會變得更加順利的。
QUEST_LV_0400_20161118_000086	如果你要一同加入尋找造箭者之箭，就到泰伊里空地去找吧。{nl}其他地方，我的弟子們會分散去搜查。
QUEST_LV_0400_20161118_000087	{nl}到泰伊里空地之後，在覺得可能會有造箭者之箭的地方使用探測器吧。{nl}造箭者之箭若在附近，探測器就會有所反應。
QUEST_LV_0400_20161118_000088	請到泰伊里空地去，使用探測器尋找造箭者之箭。
QUEST_LV_0400_20161118_000089	噢？你找到造箭者之箭了？{nl}這麼快就找到，感覺我們之前都是在浪費時間呢...
QUEST_LV_0400_20161118_000090	{nl}不愧是啟示者，{nl}辛苦你了。
QUEST_LV_0400_20161118_000091	{nl}現在是該把造箭者之箭交給造箭者大師了。
QUEST_LV_0400_20161118_000092	請務必幫我好好轉交。{nl}希望這麼做，至少能解除造箭者大師對我的誤會。
QUEST_LV_0400_20161118_000093	這...的確是我們祖先製作的造箭者之箭。{nl}沒想到梅坎會這樣乖乖交出來。
QUEST_LV_0400_20161118_000094	{nl}嗯...{nl}這個交給你。{nl}請替我轉告他，把這當作是他為我找到造箭者之箭的獎賞。
QUEST_LV_0400_20161118_000095	{nl}雖然他跌落谷底的名聲不曉得能恢復多少...{nl}但這多少能讓大家知道，他是多麼積極地在為我尋找造箭者之箭。
QUEST_LV_0400_20161118_000096	約定就是約定，還是得先還回去。
QUEST_LV_0400_20161118_000097	這是...造箭者大師所做的證明之箭...{nl}有了這個，大家多少能理解我的真心。
QUEST_LV_0400_20161118_000098	憑藉這個東西，梅坎的名譽，多少能恢復一點。
QUEST_LV_0400_20161118_000099	是旅行者嗎？
QUEST_LV_0400_20161118_000100	{nl}我們是梅伊班的弟子。{nl}我們正在修正卡杜梅爾先王紀念碑中，與露克立斯有關且被扭曲的內容。
QUEST_LV_0400_20161118_000101	{nl}其實，因為卡杜梅爾先王的關係，這些紀念盃差點就被破壞了。{nl}不過巴林偉國王並沒有毀壞這些紀念碑，反而是施了變形魔法，讓人無法解讀。
QUEST_LV_0400_20161118_000102	{nl}為了解開變形魔法來修正紀念碑，我們正在做一些準備。{nl}不過因為怪物的襲擊，讓我們白忙一場。
QUEST_LV_0400_20161118_000103	你要幫助我們，那我就厚著臉皮拜託你了。
QUEST_LV_0400_20161118_000104	{nl}首先，得先找出文件。{nl}那文件上寫著解開變形魔法的方法，但因為受到怪物襲擊，而散落四方。
QUEST_LV_0400_20161118_000105	{nl}雖然我們想找回文件，卻又擔心怪物不曉得什麼時候會襲擊，所以才這麼消極地行動。
QUEST_LV_0400_20161118_000106	{nl}請先到歐蘇羅普空地去尋找吧。
QUEST_LV_0400_20161118_000107	要有那份文件，才有辦法解開魔法並修正紀念碑的內容。
QUEST_LV_0400_20161118_000108	沒想到是這樣一張張散落的。{nl}感謝你替我們把它們蒐集起來。
QUEST_LV_0400_20161118_000109	{nl}那麼現在..
QUEST_LV_0400_20161118_000110	我們得找到能解開魔法的寶珠。{nl}這個寶珠的能量馬上就會耗盡，順便找找能補充寶珠的活力之珠吧。
QUEST_LV_0400_20161118_000111	寶珠會吸收活力之珠釋放的魔力。{nl}所以只要好好利用活力之珠，就能知道寶珠在什麼地方。
QUEST_LV_0400_20161118_000112	使用活力之珠時，活力之珠會釋出魔力。{nl}而魔力會流向寶珠所在之處，當寶珠在吸收魔力時會發出光芒。
QUEST_LV_0400_20161118_000113	{nl}只要到發光的地方去找寶珠就可以了。
QUEST_LV_0400_20161118_000114	使用活力之珠時，魔力會流散而出。{nl}只要跟著魔力，就能找到寶珠。
QUEST_LV_0400_20161118_000115	噢，真的很謝謝你。{nl}現在連寶珠都拿來了...
QUEST_LV_0400_20161118_000116	那麼解開卡杜梅爾國王紀念碑上變形魔法的準備就全數完成了。
QUEST_LV_0400_20161118_000117	你說你消滅了高薩爾？{nl}既然消滅了把我們這三個祭司耍得團團轉的傢伙...
QUEST_LV_0400_20161118_000118	{nl}看來你不是平凡的旅行者呢。
QUEST_LV_0400_20161118_000119	不管怎樣，妨礙我們的高薩爾消失了，那我們就再去一次吧。{nl}去確認看看達勒卡空地那被認為是紀念碑的物體。
QUEST_LV_0400_20161118_000120	這裡長得像這樹木的東西就是紀念碑了，{nl}因為被施了變形魔法，所以看起來是這個模樣。
QUEST_LV_0400_20161118_000121	{nl}那麼我們就用旅行者為我們找來的寶珠來解除變形魔法吧。
QUEST_LV_0400_20161118_000122	現在紀念碑恢復了它原本的面貌。{nl}接著就是確認紀念碑上的內容，修正錯誤的地方。
QUEST_LV_0400_20161118_000123	此紀念碑已經修正完畢，現在該去找其他的紀念碑了。
QUEST_LV_0400_20161118_000124	{nl}和我一起走吧。
QUEST_LV_0400_20161118_000125	在這裡。{nl}現在來解除紀念碑上的變形魔法。
QUEST_LV_0400_20161118_000126	似乎是這些蕨葉的孢子引起麻痺症狀的。{nl}因為麻痺的關係，難以解除紀念碑的變形魔法。
QUEST_LV_0400_20161118_000127	{nl}必須先消除麻痺症狀才行...
QUEST_LV_0400_20161118_000128	{nl}到亞烏斯內空地附近去可以找到米泰力藥草。{nl}據說米泰力藥草能夠減緩所有異常症狀。
QUEST_LV_0400_20161118_000129	米泰力藥草在奧伍斯特空地周邊有很多。
QUEST_LV_0400_20161118_000130	{nl}好像太依賴這樣幫忙的你了，真是抱歉...
QUEST_LV_0400_20161118_000131	在所有女神消失之後，便開始有人否定女神的存在了。{nl}我想要讓他們相信女神的存在。
QUEST_LV_0400_20161118_000132	{nl}不過...{nl}反而讓我自己失去那些人的信任...也弄丟了種子...{nl}{nl}
QUEST_LV_0400_20161118_000133	我好怕...{nl}所有人都會變得不相信我...{nl}我這個祭司...
QUEST_LV_0400_20161118_000134	啊，好多了。{nl}雖然尚未完全恢復，但已經可以解除變形魔法了。
QUEST_LV_0400_20161118_000135	聽說奧施莉奈女神位在連巴伊寶拉的庫魯都無法說明的神秘領域裡。
QUEST_LV_0400_20161118_000136	那麼所謂的神秘領域是什麼樣的地方？長什麼樣子？{nl}讓人好奇的點反而更多了。
QUEST_LV_0400_20161118_000137	據說拉達女神在世伊魯森林裡。{nl}算是離艾勒克斯森林最近的地方了。
QUEST_LV_0400_20161118_000138	只要我去世伊魯森林，就能見到拉達女神了吧？
QUEST_LV_0400_20161118_000139	你能幫我剷除紀念碑周遭的蕨葉嗎？{nl}如果不剷除它們，那在解除魔法的時候，我又會產生麻痺症狀的。
QUEST_LV_0400_20161118_000140	{nl}不過這周遭濕氣很重...大概無法順利燃燒。{nl}找一些比爾卡斯的乾燥皮膚來當作引柴使用應該會比較好。
QUEST_LV_0400_20161118_000141	疾病若是再度猖獗，那奇雷恩地方的人是束手無策的。
QUEST_LV_0400_20161118_000142	我沒想到會有蕨葉引起麻痺症狀。{nl}又給旅行者你添麻煩了。
QUEST_LV_0400_20161118_000143	{nl}不過...不管怎麼看，你都不像是個普通的旅行者。
QUEST_LV_0400_20161118_000144	蕨葉全都燒掉了。{nl}現在我來開始解除紀念碑上的變形魔法。
QUEST_LV_0400_20161118_000145	嗯...已確認過紀念碑，此紀念碑應該不需要修正。
QUEST_LV_0400_20161118_000146	啊，你拿了好多過來呢。{nl}有這麼多，就算濕氣重，也能好好燃燒了。
QUEST_LV_0400_20161118_000147	那麼該是時候找下一個紀念碑了，不過我的麻痺症狀還沒完全痊癒。{nl}怎麼辦呢...
QUEST_LV_0400_20161118_000148	真是感謝啊。{nl}那麼我就把能探測紀念碑的探測裝置給你吧。{nl}在可能是紀念碑的物體附近使用探測裝置就可以了。
QUEST_LV_0400_20161118_000149	到被推測為紀念碑的物體附近，並使用探測裝置吧。{nl}若探測裝置判定是紀念碑，旁邊就會出現圓形，告訴你這是紀念碑。
QUEST_LV_0400_20161118_000150	你找到紀念碑了。{nl}我的麻痺症狀也好多了，那就一起過去吧。
QUEST_LV_0400_20161118_000151	在你來的時候，我已經解除紀念碑上的變形魔法，並確認過紀念碑上的內容了。{nl}不過紀念碑毀損嚴重，難以辨讀。
QUEST_LV_0400_20161118_000152	我在想這附近應該會有紀念碑破片。{nl}請幫我確認一下吧。
QUEST_LV_0400_20161118_000153	那周圍會有紀念碑的碎片。
QUEST_LV_0400_20161118_000154	喔，碎裂的破片還真不少。{nl}讓我來瞧瞧。
QUEST_LV_0400_20161118_000155	透過你帶回來的這些紀念碑破片，我確認了紀念碑的正確內容。{nl}裡面有被扭曲的內容，所以我要接著進行修正作業。
QUEST_LV_0400_20161118_000156	祭司奇達斯
QUEST_LV_0400_20161118_000157	你是為了幫我才來到這裡的嗎？...{nl}真是感謝你。
QUEST_LV_0400_20161118_000158	{nl}不過，這裡的紀念碑很難確認內容。{nl}因為，如你所見，紀念碑周遭都是堅硬的樹幹。
QUEST_LV_0400_20161118_000159	{nl}所以我和布魯納斯本想先進行除草作業，但要拿到除草劑的材料，並不是件易事。
QUEST_LV_0400_20161118_000160	{nl}首先要先拿到具有強烈腐蝕性的比爾卡斯的唾液腺，但牠們的攻擊性太強了...
QUEST_LV_0400_20161118_000161	而且，要拿取比爾卡斯唾液腺的方法也相當繁複...{nl}只能先攻擊比爾卡斯，趁牠變虛弱時再藉機行事了。
QUEST_LV_0400_20161118_000162	在比爾卡斯變得相當虛弱時，餵牠吃米堤哈林草，牠就會開始分泌具有腐蝕性的口水。{nl}此時，殺死比爾卡斯，就能獲得唾液腺了。
QUEST_LV_0400_20161118_000163	牠們有可能會拒絕吃米堤哈林草並進行攻擊，要小心一點。
QUEST_LV_0400_20161118_000164	你拿過來的這些比爾卡斯唾液腺應該是夠了。{nl}不過...
QUEST_LV_0400_20161118_000165	{nl}需要水來稀釋比爾卡斯唾液腺中釋出的毒液...{nl}布魯納斯到普達斯空地去汲水，卻沒有消息，令人擔心。
QUEST_LV_0400_20161118_000166	得沒事才行啊…
QUEST_LV_0400_20161118_000167	祭司布魯納斯
QUEST_LV_0400_20161118_000168	託你的福，活下來了。{nl}喔？你已經拿到比爾卡斯的唾液腺了？
QUEST_LV_0400_20161118_000169	{nl}現在只要再加上我從這裡汲取的水，就能完成除草劑了！{nl}我們回到奇達斯那去吧！
QUEST_LV_0400_20161118_000170	聽說你幫了奇達斯和布魯納斯很多忙。{nl}本來這事沒什麼進展，多虧了你才能收尾，真是謝謝你。
QUEST_LV_0400_20161118_000171	{nl}你果然跟我想的一樣，不是個普通人呢。
QUEST_LV_0400_20161118_000172	{nl}不管怎麼樣，往後你的路途上，都會有女神呵護著。
QUEST_LV_0400_20161118_000173	我們打算將修正過的紀念碑內容整理成書，讓更多人能看到。
QUEST_LV_0400_20161118_000174	{nl}你有時間的話，也讀一讀我們整理出來的書吧。{nl}真的很感謝你幫了這麼多忙。
QUEST_LV_0400_20161118_000175	這個地區疾病猖獗之處，該疾病會使人嚴重發燒終致死亡。{nl}現在疾病是處於消停狀態，不曉得何時會再席捲重來。
QUEST_LV_0400_20161118_000176	{nl}我正在研究那個病。
QUEST_LV_0400_20161118_000177	如果沒有你幫忙，別說是要開發治療劑了，我大概早就患病死亡了。
QUEST_LV_0400_20161118_000178	開發出來的治療劑會送過去給瘟疫醫師大師。{nl}之後我會針對幾種狀況進行實驗，並強化治療劑的效果。
QUEST_LV_0400_20161118_000179	得去比爾卡斯的棲息地看看烏格尼斯的搜查狀況。
QUEST_LV_0400_20161118_000180	負責解除變形魔法的林塔斯狀況有點奇怪。去確認看看發生什麼事情了。
QUEST_LV_0400_20161118_000181	奇達斯移除了硬草，正在確認紀念碑內容。{nl}作業時間變得更長了。
QUEST_LV_0400_20161118_000182	你來啦？{nl}聽說你救了差點落入怪物手中的布魯納斯。
QUEST_LV_0400_20161118_000183	{nl}多虧了你，才把所有材料給搜集起來，布魯納斯也才能平安歸來，十分感謝。{nl}在這段期間，我們將比爾卡斯的唾液腺用水稀釋，製作出了除草劑。
QUEST_LV_0400_20161118_000184	{nl}使用除草劑後，確認紀念碑上是否有與事實不符的內容，會再予以修正。
QUEST_LV_0400_20161118_000185	如預期的，紀念碑上有與事實不符的內容，我已修正好了。{nl}現在我要回到林塔斯那，向他報告所有紀念碑皆已修正完畢。
QUEST_LV_0400_20161118_000186	{nl}謝謝你幫助我們。
QUEST_LV_0400_20161118_000187	對於跟隨我到此的弟子們，我內心只有無限感激。
QUEST_LV_0400_20161118_000188	因為我自己的事情與固執，而無法好好教我的弟子們箭術，我實在覺得很對不起他們。
QUEST_LV_0400_20161118_000189	我是為了學箭術才追隨師父的，想不到沒學到箭術，淨是學了一堆跟雜草有關的事。
QUEST_LV_0400_20161118_000190	沒學箭術，就只是拔草了。{nl}我正在認真考慮乾脆直接回故鄉算了。
QUEST_LV_0400_20161118_000191	我跟師父說過不想再拔草了，他要我們在這稍微等一下。{nl}應該不會是要我們摘樹葉吧？
QUEST_LV_0400_20161118_000192	一直在拔草，連怎麼拿弓都忘了。{nl}我要告訴他，我不要再拔草了，請教我箭術吧。
QUEST_LV_0400_20161118_000193	平常因為不喜歡傑諾納斯這麼直接的口吻，所以常常數落他。{nl}不過多虧了他這種說話方式，我們可以不用再拔草了。
QUEST_LV_0400_20161118_000194	師父說因為自己過去的失誤，讓一個叫做依克拉斯的人成了星之塔的團長。{nl}到底是什麼樣的失誤，會嚴重到星之塔團長換人做？
QUEST_LV_0400_20161118_000195	我們是為了學習箭術才跟隨師父的。{nl}不過現在師父的全部心思都放在尋找造箭者之箭上。
QUEST_LV_0400_20161118_000196	要在如此廣闊的地區尋找弓箭其實是不可能的。
QUEST_LV_0400_20161118_000197	傑諾納斯和亞奎爾拉斯對師父相當的不滿。{nl}像亞奎爾拉斯的個性，就是無法表現出來，總是在心裡忍耐。
QUEST_LV_0400_20161118_000198	傑諾納斯的個性和亞奎爾拉斯正好相反，講話直接，有什麼情緒就立即表現出來。{nl}傑諾納斯到現在都還沒跟師父提過對於搜尋弓箭這件事的不滿，那才是神奇呢。
QUEST_LV_0400_20161118_000199	不僅是我而已，傑諾納斯和亞奎爾拉斯，全都厭倦這種日子了。
QUEST_LV_0400_20161118_000200	我曾經問過師父他到底犯了什麼錯，導致他被星之塔的團員排擠，{nl}當時師父沒說什麼，就只是望著遠方，深深嘆了一口氣。
QUEST_LV_0400_20161118_000201	過去在這座森林裡，利迪亞夏班曾經用造箭者之箭殺死了魔王集布理納斯。{nl}然而，利迪亞夏班卻沒有將那驚人的弓箭收回。
QUEST_LV_0400_20161118_000202	{nl}利迪亞夏班為什麼不收回造箭者之箭呢？
QUEST_LV_0400_20161118_000203	我想說造箭者之箭是恢復師父名譽的關鍵之物，所以很認真尋找。{nl}不過在搜查過程中，卻遭受怪物與魔族的威脅。
QUEST_LV_0400_20161118_000204	{nl}我覺得為了找回師父名聲，我有可能死在半路上，{nl}所以我才向師父吐露我的不滿。
QUEST_LV_0400_20161118_000205	{nl}就算師父對我印象不好，也沒有關係。{nl}這比我和我的同門師兄弟為了找弓箭而死掉好多了。
QUEST_LV_0400_20161118_000206	我無法理解星之塔的團員們針對師父的行為。{nl}雖然我不曉得師父究竟做錯了什麼事...
QUEST_LV_0400_20161118_000207	{nl}再怎麼說他們也是一路走來同甘共苦的夥伴啊，{nl}我覺得星之塔的團員們應該要接受師父才是。
QUEST_LV_0400_20161118_000208	弟子的名譽受損，站在師父的立場上，會有多麽遺憾啊。{nl}看著露克立斯的名譽受污衊，梅伊班一定很難過。
QUEST_LV_0400_20161118_000209	我會接續梅伊班的遺志，矯正世人對露克立斯的印象。
QUEST_LV_0400_20161118_000210	我要矯正從卡杜梅爾國王那時候開始就被扭曲的露克立斯的形象。
QUEST_LV_0400_20161118_000211	就算要扭轉世人對他的印象不是件容易的事，我也一定要做到。
QUEST_LV_0400_20161118_000212	修正世人對露克立斯的錯誤認知，也是正確理解歷史時不可或缺的一部份。
QUEST_LV_0400_20161118_000213	只要確認跟修正完這個紀念碑，我和奇達斯的任務就完成了。
QUEST_LV_0400_20161118_000214	我會修正好這紀念碑的內容，以矯正世人對露克立斯的認知。
QUEST_LV_0400_20161118_000215	好。
QUEST_LV_0400_20161118_000216	那個，旅行者！{nl}請問沒看到我女兒嗎？
QUEST_LV_0400_20161118_000217	{nl}頭髮紮成兩邊，戴著頭巾，{nl}名字叫做瑞爾。
QUEST_LV_0400_20161118_000218	{nl}因為她沒有說她要去哪裡...{nl}我想說也許是去了朋友家，所以也去瑞爾的好友家找過，卻不見人影。
QUEST_LV_0400_20161118_000219	{nl}看起來是到難民村外頭去了。{nl}我請其他人幫我找她，卻沒有人願意幫我。
QUEST_LV_0400_20161118_000220	{nl}當然我知道是因為怪物太危險了...{nl}我真的很鬱悶，又擔心她，所以跑了出來，卻毫無頭緒。
QUEST_LV_0400_20161118_000221	如果有知道什麼地方，我早就去了...{nl}我想只能先從近的地方開始找了吧。
QUEST_LV_0400_20161118_000222	{nl}請幫我先從佛雷伊貝奇斯卡斯伐木場找起吧。{nl}怪物這麼多，到底跑哪兒去了...{nl}
QUEST_LV_0400_20161118_000223	我在神樹之日失去了丈夫，她是我獨自扶養長大的女兒啊。{nl}對我來說，瑞爾就是我的一切了。
QUEST_LV_0400_20161118_000224	{nl}請幫我尋找瑞爾吧，旅行者...{nl}求求你...
QUEST_LV_0400_20161118_000225	這個當媽媽的在做什麼...{nl}竟然不知道獨一無二的女兒為了讓感冒的媽媽溫暖一點，自己跑去找絲線了...
QUEST_LV_0400_20161118_000226	{nl}我不僅無法讓自己的孩子住好吃好，還讓孩子去做這種事...{nl}身為一個母親，我實在太慚愧了...
QUEST_LV_0400_20161118_000227	天啊...{nl}你救了瑞爾，我都不知道要怎麼感謝你了...
QUEST_LV_0400_20161118_000228	{nl}竟然還願意幫我們找絲線...{nl}我身上沒什麼值錢的東西，實在無以回報...
QUEST_LV_0400_20161118_000229	聽說有種叫作白木飛蛾的昆蟲...{nl}會在這附近的草地作繭。
QUEST_LV_0400_20161118_000230	{nl}從牠的繭裡抽取出來的絲是非常堅實的，瑞爾說她就是去找這個。{nl}不知道是從哪聽來的...
QUEST_LV_0400_20161118_000231	{nl}我的女兒還真聰明。
QUEST_LV_0400_20161118_000232	讓自己女兒過這麼不足的生活，心中只有歉意。
QUEST_LV_0400_20161118_000233	正在這一帶搜索尋找造箭者之箭。
QUEST_LV_0400_20161118_000234	有這麼多繭，抽取出來的絲就夠拿來縫補帳篷了。{nl}謝謝你的幫忙。
QUEST_LV_0400_20161118_000235	柯提斯
QUEST_LV_0400_20161118_000236	啊，你就是那位救了瑞爾的旅行者。{nl}這裡幾個青年都捉不住怪物，你竟然一個人就打敗了...
QUEST_LV_0400_20161118_000237	{nl}我還沒介紹我自己呢。{nl}我叫柯提斯。
QUEST_LV_0400_20161118_000238	{nl}我在神樹之日失去了我的家園和家人，而來到此處避難，是在這裡掙扎求生的人之一。{nl}雖然到這裡來避難...但因為這裡的情況，我們的處境並沒有比較好。
QUEST_LV_0400_20161118_000239	{nl}要獲取生活所需的資源並不容易。{nl}難民之間也容易有械鬥、竊盜一類的事情...
QUEST_LV_0400_20161118_000240	{nl}之後雖然建立了紀律，從每天攻擊我們的怪物手中守護難民...
QUEST_LV_0400_20161118_000241	但人手相當不足。{nl}你有著拯救瑞爾的實力，那對我們一定會有相當大的幫助。
QUEST_LV_0400_20161118_000242	{nl}那就不知廉恥地拜託你了。
QUEST_LV_0400_20161118_000243	{nl}這裡有許多人餓肚子。{nl}因為來這避難後所開墾的農耕地被搶走了...
QUEST_LV_0400_20161118_000244	{nl}首先，我們需要可以填補飢餓感的食糧。{nl}請消滅普羅雷比，並取得牠頭上的花。
QUEST_LV_0400_20161118_000245	{nl}好好乾燥的話，可以獲得許多種子。{nl}那些種子可以用來做菜。
QUEST_LV_0400_20161118_000246	此處的怪物飢餓許久，相當殘暴。{nl}如果覺得太危險，就不要勉強，馬上逃跑吧。
QUEST_LV_0400_20161118_000247	有了這些，就有許多人能免受飢餓之苦了。{nl}謝謝你。
QUEST_LV_0400_20161118_000248	雖然現在也會有怪物襲擊，但在不久前，怪物是真的很常進行攻擊。{nl}所以我們圍起了柵欄，並將在避難處發現的武器，分發給年輕的男人們。
QUEST_LV_0400_20161118_000249	{nl}在那之後，怪物進到難民村的情形就減少了許多，不過柵欄的承受力弱，是個問題，{nl}一受怪物攻擊就很容易垮掉。
QUEST_LV_0400_20161118_000250	{nl}所以每次都要這樣加工木頭來修理它，{nl}持續需要柵欄修理用的木材。
QUEST_LV_0400_20161118_000251	請拿著我給你的木材製作道具到沙烏庫斯空地去吧。{nl}到沙烏庫斯空地那可以找到堅固的木材。
QUEST_LV_0400_20161118_000252	{nl}在那邊拿到可用的木材後，使用木材製作道具做出柵欄修理用木材就可以了。
QUEST_LV_0400_20161118_000253	因為沒有製作柵欄的知識，製作出來的柵欄耐受力不足。{nl}怪物們只要一攻擊，就通通毀壞了。
QUEST_LV_0400_20161118_000254	{nl}所以每次都要檢查跟修理。{nl}當然也就一直需要很多木材。
QUEST_LV_0400_20161118_000255	有了這些，應該足夠修理一次了。
QUEST_LV_0400_20161118_000256	現在請將柵欄修理用木材分給青年們，他們會開始修理柵欄。
QUEST_LV_0400_20161118_000257	那麼我就不客氣了。{nl}請幫忙修理眼前的柵欄就行了。
QUEST_LV_0400_20161118_000258	其他的柵欄，我會再請別人來修理。
QUEST_LV_0400_20161118_000259	修理柵欄是我們自己就能做到的事...{nl}沒想到你會這麼大力地幫助我們。
QUEST_LV_0400_20161118_000260	米雪勘森林一入夜就相當寒冷。{nl}如果不緊緊裹著棉被睡覺的話，可是會被凍傷的。
QUEST_LV_0400_20161118_000261	{nl}所以需要許多加進普羅倫皮革的衣物和寢具。{nl}不過，我們很難捕捉到普羅倫。
QUEST_LV_0400_20161118_000262	這裡一到晚上，就會把人凍得身體瑟瑟發抖。
QUEST_LV_0400_20161118_000263	有了這麼多，這裡的難民可以不用再擔心酷寒了。
QUEST_LV_0400_20161118_000264	其實這裡最可惜的就是水源問題。{nl}雖然我們四處挖了水井要汲水...
QUEST_LV_0400_20161118_000265	{nl}但白木的毒性滲進地下水中，我們無法直接飲用，{nl}都是先過濾過才作使用。
QUEST_LV_0400_20161118_000266	{nl}過濾水的時候需要一種名為蘭杜林的草。
QUEST_LV_0400_20161118_000267	我給你一瓶水。{nl}蘭杜林草長在地底，不容易看見。
QUEST_LV_0400_20161118_000268	{nl}但只要跟這裡尚未淨化的水接觸，就會發出黃色的光芒。{nl}將水灑在地上，在黃光出現的地方，把泥土去掉，就能看到蘭杜林草了。
QUEST_LV_0400_20161118_000269	在我們什麼都不知道的時候，人們喝了水之後，引起劇烈的腹痛。{nl}當時的藥師亞巫雷爾斯將淨化水的方法教給大家。
QUEST_LV_0400_20161118_000270	沒錯，{nl}你拿來的這個就是蘭杜林草。
QUEST_LV_0400_20161118_000271	{nl}有了這些，我們就有好一陣子的乾淨水源可以喝了。
QUEST_LV_0400_20161118_000272	我剛剛有跟你敘述過關於我們農耕地的事情。{nl}我們就是利用這裡的纜車，在拉賽堤空地邊上開墾了農耕地。
QUEST_LV_0400_20161118_000273	{nl}雖然離村子稍遠，但那裡陽光充足，土質又柔軟。{nl}不過，我們只能利用老舊的纜車來移動，因此必須一直修理纜車。
QUEST_LV_0400_20161118_000274	{nl}我們為了因應不時之需，另外將材料布袋放在不起眼的地方。{nl}可是怪物們好像誤以為那是糧食，就全部偷走了。
QUEST_LV_0400_20161118_000275	是不是因為怪物們太餓了？{nl}連不是食糧的東西都拿走...
QUEST_LV_0400_20161118_000276	啊，是。{nl}是那些布袋沒錯。
QUEST_LV_0400_20161118_000277	現在已經做好準備可以隨時修理纜車了，不過有一點小問題。{nl}帕貝凱利亞農耕地一開墾完畢，怪物就出現了。
QUEST_LV_0400_20161118_000278	{nl}那個地方如同我們的命脈，{nl}怪物要是長時間佔領該地，這裡的人就只能在飢餓中掙扎了。
QUEST_LV_0400_20161118_000279	{nl}所以我正在召集能夠驅趕農耕地怪物的年輕男性們。
QUEST_LV_0400_20161118_000280	我認為這不是光靠一兩個人就能解決的事，所以正在募集人力...{nl}觀察你這段時間的幫忙，我想如果是你，一定可以輕鬆做到。
QUEST_LV_0400_20161118_000281	{nl}從拉賽堤空地搭乘纜車到對面去，就能抵達帕貝凱利亞農耕地。
QUEST_LV_0400_20161118_000282	瑞爾...瑞爾在嗎？{nl}到底跑去哪裡了...{nl}一直交待她不要跑到難民村外面去的...
QUEST_LV_0400_20161118_000283	如果你有看到頭髮紮兩邊，頭上有戴頭巾的女孩子，請將她帶來這裡。
QUEST_LV_0400_20161118_000284	我在找一個頭上有頭巾，且將頭髮紮成兩邊的女孩子，{nl}她的名字叫做瑞爾。你有見到她嗎？
QUEST_LV_0400_20161118_000285	如果你找到她，請把她帶來我這邊。{nl}
QUEST_LV_0400_20161118_000286	原本帕貝凱利亞農耕地只是塊什麼都沒有的荒地，{nl}那裡沒什麼怪物，土地日照充足，看起來是個農耕的好地方。
QUEST_LV_0400_20161118_000287	{nl}所以我們開始在那邊耕種，不知不覺那些作物也長得很好。{nl}不過，怪物們大概是發現有東西吃了，就湧進農耕地，把地給搶走了...
QUEST_LV_0400_20161118_000288	托你的福，我們才能再次恢復農耕作業。{nl}你應該無法一直跟我們待在一起吧？
QUEST_LV_0400_20161118_000289	{nl}在離開之前，先去見見難民們再走吧...{nl}他們應該有很多話想對你說。
QUEST_LV_0400_20161118_000290	你說這地方的難民的苦衷都聽過了？
QUEST_LV_0400_20161118_000291	{nl}你大概會感受到他們的無奈，{nl}感覺得到有一群人，在這個地方不安的生活著。
QUEST_LV_0400_20161118_000292	{nl}有幾個人告訴我，他們不懂這問題的嚴重性，但我比任何人都還要清楚，{nl}如果無法從別處獲得物資支援，這裡的生活就會無止盡地碰壁。
QUEST_LV_0400_20161118_000293	{nl}而且，身為一個長輩，沒能讓孩子們看見更廣闊的世界，我也覺得很對不起他們。{nl}所以我也不是沒想過離開這裡，並移動到他處的方案。
QUEST_LV_0400_20161118_000294	{nl}但是我們現在不知道大森林地帶位在何處，可能會在移動的路途中不斷徘徊。{nl}食量不夠支撐我們到找到適合定居的地方，怪物的威脅也是一大問題。
QUEST_LV_0400_20161118_000295	真的嗎？
QUEST_LV_0400_20161118_000296	{nl}那我就拜託你了，{nl}可以的話，請盡量前往大都市尋求幫助吧。
QUEST_LV_0400_20161118_000297	原來有難民處在接收不到資源的困境之中啊。{nl}我會去向米雪勘森林附近的領主們請求協助，請他們幫幫難民。
QUEST_LV_0400_20161118_000298	事情怎麼樣了？{nl}有都市願意支援我們嗎？
QUEST_LV_0400_20161118_000299	柯拉佩達的騎士團長說要為我們取得米雪勘森林周遭領主的幫助？{nl}這真的是我很想聽到的話。
QUEST_LV_0400_20161118_000300	{nl}謝謝你為了我們這麼盡心盡力。
QUEST_LV_0400_20161118_000301	我會請米雪勘森林周邊的領主協助幫忙難民的，{nl}盡量不讓他們等太久。
QUEST_LV_0400_20161118_000302	亞烏雷斯
QUEST_LV_0400_20161118_000303	我每天每天都會想起神樹之日以前，曾經歌舞昇平的那些日子。{nl}和我妻子一起吃的馬鈴薯餃的味道，比任何食物都還要美味...
QUEST_LV_0400_20161118_000304	神樹之日時，有巨大的木頭枝幹鋪壓垮房子，讓我失去了我妻子，{nl}沒能為我妻子好好善後，一個人苟活，我真的對我自己很失望。
QUEST_LV_0400_20161118_000305	阿爾雷克斯
QUEST_LV_0400_20161118_000306	我也跟柯提斯叔叔一樣害怕被怪物攻擊。
QUEST_LV_0400_20161118_000307	{nl}不久之前，叔叔在驅逐入侵村子的怪物時，被怪物攻擊，{nl}他受了重傷痛苦的樣子，我到現在還歷歷在目。
QUEST_LV_0400_20161118_000308	要是沒有神樹之日，我應該是跟我最愛的戀人結婚，幸福快樂地過著日子的...
QUEST_LV_0400_20161118_000309	威欽斯
QUEST_LV_0400_20161118_000310	剛來到這裡的時候，{nl}瓦兒塔斯曾經為了妻子小孩，而竊取別人的東西。
QUEST_LV_0400_20161118_000311	{nl}瓦兒塔斯從前是個樂善好施的人...{nl}看了他那個樣子，我瞭解到人是會被情勢所改變。
QUEST_LV_0400_20161118_000312	我大概可以理解瓦兒塔斯為什麼要拿走別人的物品。
QUEST_LV_0400_20161118_000313	{nl}當時伊瓦特夫人剛生完小孩，{nl}但沒有東西可以吃，因此伊瓦特也無法分泌母乳。
QUEST_LV_0400_20161118_000314	{nl}站在丈夫瓦兒塔斯立場，為了產婦與嬰兒，當然會需要更多的糧食。
QUEST_LV_0400_20161118_000315	米由斯
QUEST_LV_0400_20161118_000316	避難處的大家都很感謝柯提斯叔叔和亞巫雷爾斯叔叔，還有聶格思。{nl}因為有他們，我們在這裡的生活才得以維持到這個程度。
QUEST_LV_0400_20161118_000317	雖然生活有稍稍好轉一些，但還是相當艱苦。{nl}如果沒有受到有力之士幫助，是無法改善的。
QUEST_LV_0400_20161118_000318	瑞爾
QUEST_LV_0400_20161118_000319	媽媽她...怕我冷，把棉被都給我蓋了。{nl}所以才會感冒的...每天都在咳嗽...
QUEST_LV_0400_20161118_000320	{nl}只要縫好帳篷，冷風就比較不會灌進來，所以我才出去尋找可以用來縫補的絲線。{nl}我在村子裡找過了，但沒有可供使用的絲線。
QUEST_LV_0400_20161118_000321	{nl}柯提斯叔叔說這邊再往上走，會有飛蛾在草地上作繭，{nl}拿那些繭來燙過，就能抽取出相當強韌的絲線。
QUEST_LV_0400_20161118_000322	我沒辦法告訴我媽媽...{nl}如果告訴她我要出來找絲線，她一定不會讓我出來的...
QUEST_LV_0400_20161118_000323	{nl}但是這也不是明智的決定...{nl}要是我有個萬一，媽媽一定會很傷心...
QUEST_LV_0400_20161118_000324	到這裡來之後，媽媽每天晚上都會做惡夢。{nl}睡覺的時候一直喊著爸爸的名字，要他不要走。
QUEST_LV_0400_20161118_000325	{nl}接著就會哭著醒過來。{nl}看媽媽這樣子，我心真的很痛。
QUEST_LV_0400_20161118_000326	我還記得媽媽跟爸爸一起坐在餐桌前吃著馬鈴薯餃的時候，{nl}讓人垂涎的餃子香...
QUEST_LV_0400_20161118_000327	{nl}父母親對著從遠處回來的孩子喊著「吃飯了」的聲音...{nl}雖然硬梆梆的，但一坐下就讓人感到安心舒適的餐桌椅子...
QUEST_LV_0400_20161118_000328	剛到這個地方的時候，真的所有一切都很茫然。{nl}所有人都很疲倦，沒有生活所需的用品，還有怪物在威脅著我們的生命安全...
QUEST_LV_0400_20161118_000329	{nl}我們能從那種生活進展到現在這個樣子，全多虧了亞巫雷爾斯的行動。
QUEST_LV_0400_20161118_000330	{nl}在食物相當稀少的時候，曾經發生糧食遭竊的事件。{nl}包含我在內，有幾個受害者。
QUEST_LV_0400_20161118_000331	{nl}受害者們摩拳擦掌地要找出犯人，我也不想要放過犯人。{nl}當知道瓦兒塔斯就是犯人的時候，受害者們都想要揍他。
QUEST_LV_0400_20161118_000332	{nl}那個時候亞巫雷爾斯拿出自己的糧食，庇護了瓦兒塔斯，{nl}並說著，如果自己的孩子沒有奶可以喝，任誰都會這樣做的...
QUEST_LV_0400_20161118_000333	{nl}接著又說，越是困難的時候，大家更應該合力克服困境，說服了大家。{nl}在他的舉動與言語薰陶之下，大家感到無限地慚愧...卻也清醒了過來。
QUEST_LV_0400_20161118_000334	{nl}大家都領悟到，在困境中只顧著守住自己的東西，是無法改善狀況的，{nl}因此，為了克服困境，大家開始合力行動。
QUEST_LV_0400_20161118_000335	{nl}這樣子行動的結果就是，雖然不豐足，但狀況卻也漸漸好轉。{nl}當時亞巫雷爾斯要是沒有出來說話，這裡說不定就沒有人住了。
QUEST_LV_0400_20161118_000336	如果沒有像聶格思這樣勇猛積極的青年，就沒有人守護這個地方不受怪物侵擾，{nl}親手建築柵欄，找出武器的也是聶格思。
QUEST_LV_0400_20161118_000337	奈格爾斯
QUEST_LV_0400_20161118_000338	因為有柯提斯叔叔，我們才能一直在這裡生活到現在。
QUEST_LV_0400_20161118_000339	看著柯提斯叔叔為大家奔波的樣子，我在想自己有沒有什麼能做的，{nl}所以一直思考要拿威脅村子的怪物們怎麼辦。
QUEST_LV_0400_20161118_000340	{nl}然後我就試著去尋找這周遭有沒有什麼可以用來當武器的東西。{nl}令人驚訝的是，我發現一個一邊角落已經塌陷的類似倉庫的地方...在那裡面有槍。
QUEST_LV_0400_20161118_000341	{nl}我把槍分給了年輕人們，讓他們保護這個村子，{nl}並且建了柵欄，讓怪物無法輕易進入。
QUEST_LV_0400_20161118_000342	{nl}不過製作柵欄的材料不足，柵欄只能做得很不結實，{nl}但還是有效果的！
QUEST_LV_0400_20161118_000343	慧樂斯
QUEST_LV_0400_20161118_000344	雖然這地方的生活已經比過去好很多了，但仍然無法放心。{nl}如果沒有獲得幫忙，這樣的生活也是會達到極限的。
QUEST_LV_0400_20161118_000345	我想到外面去尋求其他村子的幫助，卻沒辦法這麼做。{nl}除了怪物的威脅之外，最大的問題就是糧食。
QUEST_LV_0400_20161118_000346	{nl}因為我們完全無法估計我們有多深入大森林地帶裡，{nl}便無法知道要帶幾天的糧食，才能夠安全抵達其他村子。
QUEST_LV_0400_20161118_000347	得雷絲
QUEST_LV_0400_20161118_000348	農耕地又被怪物給奪走，使得糧食無法好好分配。{nl}想從怪物手中奪回農耕地，也做不到。
QUEST_LV_0400_20161118_000349	如果不拿回農耕地，一定會因為糧食而產生紛爭的。
QUEST_LV_0400_20161118_000350	帕迪亞
QUEST_LV_0400_20161118_000351	就算築起柵欄，怪物還是闖了進來，{nl}即使青年們帶著武器守護這裡，牠們照樣闖進來。
QUEST_LV_0400_20161118_000352	{nl}就連辛辛苦苦好不容易開墾出來的農耕地也被怪物給搶走了。{nl}即使拿回農耕地，那裡生產的作物數量也就那些，
QUEST_LV_0400_20161118_000353	{nl}是絕對無法填飽這裡所有難民的肚子的。{nl}如果沒有其他地方、其他人的幫助，這裡的生活一定會到達極限。
QUEST_LV_0400_20161118_000354	米雪勘森林的水因為白木的毒性而不能直接飲用。{nl}如果直接喝的話，會受腹痛折磨。
QUEST_LV_0400_20161118_000355	{nl}必須要使用蘭杜林草淨化過才能喝...但蘭杜林草也不是隨手可得之物。{nl}必須要到村子外才能取得，而村子外充斥著怪物。
QUEST_LV_0400_20161118_000356	{nl}在這裡，沒有一件事情是能輕易完成的。
QUEST_LV_0400_20161118_000357	伊娃特
QUEST_LV_0400_20161118_000358	我是有想過，為什麼他帶回來的糧食比別人多，{nl}所以我問了瓦兒塔斯，但他告訴我這是在避難處倉庫裡拿來的。
QUEST_LV_0400_20161118_000359	{nl}當時我並不知道，{nl}我丈夫為了我和新生兒成了小偷。
QUEST_LV_0400_20161118_000360	{nl}我丈夫偷竊的事情被發現之後，被所有人圍毆，那個時候是亞巫雷爾斯庇護了他。{nl}要是沒有亞巫雷爾斯，我們早就被村子裡的人給驅逐了。
QUEST_LV_0400_20161118_000361	{nl}我現在仍然對亞巫雷爾斯抱持著感恩的心。{nl}還有，對於受害的人們也覺得很抱歉...{nl}
QUEST_LV_0400_20161118_000362	瓦兒塔斯會偷東西，都是為了我和孩子，{nl}所以我不會覺得他丟臉。
QUEST_LV_0400_20161118_000363	{nl}讓他置身於不得不這麼做的狀況中的人，不就是我跟孩子嗎？
QUEST_LV_0400_20161118_000364	瓦塔斯
QUEST_LV_0400_20161118_000365	伊瓦特拖著即將臨盆的身子踏上了避難之路，一到這裡，孩子就出生了。{nl}不過這裡沒什麼糧食，每個人身上都只有一點能糊口的食物而已。
QUEST_LV_0400_20161118_000366	{nl}我們靠著這所剩無幾的糧食硬撐，但伊瓦特因為沒有好好進食，所以分泌不出奶水給孩子喝。{nl}孩子吃不飽而哭，但就是沒有食物...我真的快瘋了。
QUEST_LV_0400_20161118_000367	{nl}所以為了讓孩子和伊瓦特吃飯，我就偷了糧食...
QUEST_LV_0400_20161118_000368	{nl}然而沒過多久，我偷竊的事情就被發現了。{nl}在被大夥兒圍毆之前，是亞巫雷爾斯出面庇護了我們一家人。
QUEST_LV_0400_20161118_000369	{nl}我和大家道歉後，為了替自己犯下的過錯贖罪，所以更加積極地投入開墾工作中。
QUEST_LV_0400_20161118_000370	好不容易開墾出了農耕地，想說現在糧食終於能比較寬裕了...{nl}農耕地卻被怪物奪走了。
QUEST_LV_0400_20161118_000371	{nl}很擔心生活會不會變得更困苦啊。
QUEST_LV_0400_20161118_000372	希塔斯
QUEST_LV_0400_20161118_000373	雖然在眾人合力之下，生活維持到了現在，但不曉得何時會到達極限。
QUEST_LV_0400_20161118_000374	我當然想出去尋求協助啊，{nl}不過我們並不清楚自己位在何地，怪物又四處出沒...
QUEST_LV_0400_20161118_000375	魯帕斯
QUEST_LV_0400_20161118_000376	這邊一到晚上，會變得非常寒冷。{nl}如果不多穿一點是會凍傷的。
QUEST_LV_0400_20161118_000377	因為農耕地被怪物搶走，往後的生活沒什麼希望。
QUEST_LV_0400_20161118_000378	歐得特
QUEST_LV_0400_20161118_000379	人們都覺得只要能奪回農耕地就好了，但那可是大大失算啊。{nl}這裡的農耕地種出來的農作物是不夠的。
QUEST_LV_0400_20161118_000380	{nl}怪物們也知道村子裡有吃的，所以會一直入侵。
QUEST_LV_0400_20161118_000381	即使已經分發武器給這裡的青年們，但還是無法把怪物攆出去，{nl}因為他們不是受過專門打鬥訓練的人。
QUEST_LV_0400_20161118_000382	薩爾里亞
QUEST_LV_0400_20161118_000383	大家都這麼說，{nl}說雖然大夥兒一起努力生活到現在，但很難一直在這個地方住下去...
QUEST_LV_0400_20161118_000384	{nl}但也無法馬上離開這裡。{nl}這麼多人要離開這裡，一定需要糧食之類的，但我們手中卻沒有這些東西。
QUEST_LV_0400_20161118_000385	在這麼惡劣的生活環境中，有時候我都希望這只是一場夢。{nl}然而越是這樣期望，現在的狀況就越是分明，不免覺得辛苦。
QUEST_LV_0400_20161118_000386	丹尼爾斯
QUEST_LV_0400_20161118_000387	薩嫘雅本來的性格沒有那麼陰沉，{nl}是到了這裡才變成那樣的。
QUEST_LV_0400_20161118_000388	{nl}就算告訴她我們可以克服這種惡劣環境的，還是沒有用。
QUEST_LV_0400_20161118_000389	薩嫘雅偶爾會說在這裡的生活，就好像是一場夢，{nl}自己將要在乾淨又寬敞的溫暖床上醒過來...
QUEST_LV_0400_20161118_000390	{nl}我擔心她會繼續這樣不願意面對現實。
QUEST_LV_0400_20161118_000391	喂，你現在是想要進到裡面去嗎？{nl}那幫我一件事吧...是人命關天的急事啊。
QUEST_LV_0400_20161118_000392	{nl}拜託請幫助我！
QUEST_LV_0400_20161118_000393	謝謝你說願意幫忙...{nl}不久之前，我招募難民組成一支傭兵團，把他們送進去裡面了。{nl}不過過了好幾天，他們都沒有回來。
QUEST_LV_0400_20161118_000394	我在想那本書上的傳說應該不是憑空杜撰的，{nl}雖然不知道能找到什麼，但如果有發現不錯的東西，那我在商團裡的地位也會跟著提高...
QUEST_LV_0400_20161118_000395	傭兵海藍達
QUEST_LV_0400_20161118_000396	不行！ {nl}不行！
QUEST_LV_0400_20161118_000397	{nl}不行..
QUEST_LV_0400_20161118_000398	誰啊！ {nl}你也是來殺我的嗎？
QUEST_LV_0400_20161118_000399	{nl}是個人啊...{nl}不過你好像不是我們團員...
QUEST_LV_0400_20161118_000400	{nl}你也要小心點！{nl}那些傢伙要過來捉我們了！
QUEST_LV_0400_20161118_000401	{nl}拜託你處理一下那些怪物...{nl}拜託你了！
QUEST_LV_0400_20161118_000402	不不，都結束了...{nl}所有人都瘋了...
QUEST_LV_0400_20161118_000403	{nl}怎麼會有這種事...{nl}團長...艾德林...
QUEST_LV_0400_20161118_000404	消滅了那些傢伙？{nl}明明還有這麼多，你在說什麼啊！
QUEST_LV_0400_20161118_000405	{nl}你也是因為詛咒而產生的幻象吧...{nl}也是，這種地方怎麼會有人...
QUEST_LV_0400_20161118_000406	{nl}別管我了，往更裡面去，消失吧...{nl}求求你...
QUEST_LV_0400_20161118_000407	聖水祭司席貝卡
QUEST_LV_0400_20161118_000408	你是誰？{nl}應該不是基高傭兵團的團員...
QUEST_LV_0400_20161118_000409	{nl}是那個叫阿塔的把跟我們一樣要代替他死的人給送進來了嗎？{nl}你又是怎麼來到這裡的？
QUEST_LV_0400_20161118_000410	請快幫我找找黑蘭塔！{nl}再這樣放著不管，他會被怪物給捉走的！
QUEST_LV_0400_20161118_000411	{nl}我以後再說明。
QUEST_LV_0400_20161118_000412	怎麼可能...消失在那之間？{nl}不過，你手上拿的是什麼？
QUEST_LV_0400_20161118_000413	這是...黑蘭塔留下來的紀錄。{nl}看來受到詛咒後，會受到幻影跟幻聽的折磨，然後因為恐懼而神智不清。
QUEST_LV_0400_20161118_000414	{nl}黑蘭塔在受到詛咒影響前，留下了這樣的紀錄，真是太好了。{nl}讀這個紀錄，就能知道他最後跟團員們分散的地方在哪裡。
QUEST_LV_0400_20161118_000415	{nl}他還寫說，有生物在狩獵因為詛咒而四處分散的人，{nl}他躲開了詛咒，讓我安心了...不過，再這樣下去我也無法倖免...
QUEST_LV_0400_20161118_000416	{nl}這個生物就是外面所謂的毒妖花。{nl}為了我跟團員們的安全，你可以幫忙消滅毒妖花嗎？
QUEST_LV_0400_20161118_000417	謝謝你，{nl}我得從黑蘭塔的紀錄中，找到我的戀人和其他團員的位置。
QUEST_LV_0400_20161118_000418	我的戀人艾德林是基高傭兵團的副團長。{nl}因為擔心他，所以雖然我很懷疑，但還是為了幫他而跟他同行。
QUEST_LV_0400_20161118_000419	{nl}但完全沒想到事情會變成這樣...{nl}只要找到艾德林，我就要離開這裡，去凱都拉商團本部告發阿塔。
QUEST_LV_0400_20161118_000420	{nl}阿塔在不知情中把人給趕進死地之中。{nl}這可不是說不知情，就可以被原諒的事...
QUEST_LV_0400_20161118_000421	我屏住氣息等著你平安回來，{nl}因為怕被怪物們給發現。
QUEST_LV_0400_20161118_000422	找到黑蘭塔留下的紀錄中，他和基高團長最後分手的地方了。{nl}看他們記錄下來的地圖...從這裡再往上走，就是諾潘石柱帶周邊了。
QUEST_LV_0400_20161118_000423	{nl}基高是傭兵團的首領，跟隨他的團員一定很多！{nl}艾德林可能也在之中。
QUEST_LV_0400_20161118_000424	{nl}請找到他們，將他們帶來這裡吧，{nl}拜託你了！
QUEST_LV_0400_20161118_000425	團長基高
QUEST_LV_0400_20161118_000426	你...是誰...{nl}之前沒見過你...
QUEST_LV_0400_20161118_000427	{nl}求求你幫幫我...{nl}我被牠們攻擊了...
QUEST_LV_0400_20161118_000428	還是找不到他嗎？{nl}請盡快在他們被怪物獵捕之前找到他們吧...
QUEST_LV_0400_20161118_000429	{nl}沒有時間了！{nl}
QUEST_LV_0400_20161118_000430	拜託...拜託...求你了...{nl}幫我找出我的解毒劑...
QUEST_LV_0400_20161118_000431	{nl}其他團員...都被捉去潘卡斯石柱帶了...{nl}艾德林...也是一樣...
QUEST_LV_0400_20161118_000432	{nl}別想著那些毫無希望的傢伙...求你救救我...{nl}解毒劑...被附近的怪物給拿走了...
QUEST_LV_0400_20161118_000433	拜託.. 拜託..{nl}也救救這個國家..
QUEST_LV_0400_20161118_000434	你怎麼會自己一個人回來？{nl}艾德林呢...其他團員呢？
QUEST_LV_0400_20161118_000435	{nl}基高團長也像黑蘭塔一樣消失了啊...{nl}不過我們可以知道艾德林人在潘卡斯石柱帶了。
QUEST_LV_0400_20161118_000436	艾德林...{nl}那麼信任而追隨的團長，陷入危險之中，竟然只顧自己的性命...
QUEST_LV_0400_20161118_000437	你怎麼會自己一個人回來...為什麼！{nl}這是我送給艾德林的項鍊...
QUEST_LV_0400_20161118_000438	{nl}啊..{nl}很抱歉..
QUEST_LV_0400_20161118_000439	{nl}你冒著生命危險幫我找艾德林的行蹤...{nl}結果我還把你當出氣筒...
QUEST_LV_0400_20161118_000440	不能光是待在這裡等著回不來的人。{nl}阿塔...必須受到懲罰。
QUEST_LV_0400_20161118_000441	{nl}你別攔我！{nl}就算你攔我我也要去！
QUEST_LV_0400_20161118_000442	怎麼會變成這樣..{nl}為何..
QUEST_LV_0400_20161118_000443	{nl}要是聖水祭司本部知道這件事的話，我就完蛋了！{nl}雖然對不起團員，但我必須採取行動...
QUEST_LV_0400_20161118_000444	{nl}喂，這裡可不能再發生這種事了。{nl}你聽我說嘛！
QUEST_LV_0400_20161118_000445	照你跟賽貝卡所說，一定還有誰又留下紀錄了。{nl}我們找出那個東西會比較好...
QUEST_LV_0400_20161118_000446	{nl}雖然可能會讓你遭遇危險，但為了阻止其他犧牲者出現，我們必須找出真相！{nl}你可以去找出來嗎？
QUEST_LV_0400_20161118_000447	我在想，也許這裡不是傳說中的阿爾蘭必...{nl}這麼一來，我又成了什麼了...
QUEST_LV_0400_20161118_000448	這是...相當有用。{nl}搞不好可以掩蓋這所有的錯誤...
QUEST_LV_0400_20161118_000449	{nl}在阿爾蘭必傳說中添加這個故事，那就大致說得通了。{nl}不是嗎？
QUEST_LV_0400_20161118_000450	就算凱都拉商團是尋找「女神的安排」的集團...{nl}但其本質還是商人，他們對這裡找到的東西，一定會感興趣的...
QUEST_LV_0400_20161118_000451	{nl}而且這裡是沒人來過的地方，從怪物身上拿到的東西，也需要再多做研究...{nl}所以，你能不能幫忙消滅怪物，從牠們身上拿點什麼給我？
QUEST_LV_0400_20161118_000452	你也覺得我很世俗或是什麼機會主義者嗎？{nl}如果讓你這麼想，我也無法辯解...
QUEST_LV_0400_20161118_000453	{nl}請想成這一切都是為了防止更多犧牲者產生而做的...
QUEST_LV_0400_20161118_000454	這些鐘乳石快好像蘊含著什麼魔法，{nl}對商團研究者來說是很好的標本。
QUEST_LV_0400_20161118_000455	{nl}一定可以成為防止其他犧牲者出現的珍貴資料！
QUEST_LV_0400_20161118_000456	聽了你跟賽貝卡說的話後，我想到一件事...
QUEST_LV_0400_20161118_000457	{nl}我曾經想過，這洞穴裡好像有什麼在釋出這詭譎的氣氛，{nl}找出那個東西並破壞它，說不定倖存的團員們就能恢復神智，自己找到出口出來了？
QUEST_LV_0400_20161118_000458	{nl}看來這件事，就只有你能做得到了。{nl}你看起來絲毫不會受詛咒影響。
QUEST_LV_0400_20161118_000459	我也很想幫忙...{nl}但你也有看到黑蘭塔和基高的樣子吧？
QUEST_LV_0400_20161118_000460	{nl}我要是進到裡面，說不定會以為你是怪物而攻擊你...{nl}雖然我攻擊你，也不會是你的對手啦...
QUEST_LV_0400_20161118_000461	雖然只有一點點，但那令人不舒服的氣息好像消失了...{nl}你覺得呢？
QUEST_LV_0400_20161118_000462	黑蘭塔！黑蘭塔還活著嗎？{nl}他的狀態沒有異常之處嗎？
QUEST_LV_0400_20161118_000463	{nl}這個洞穴被詛咒了。{nl}如果沒有像我一樣受到神聖之力保護的話，是會發瘋的。
QUEST_LV_0400_20161118_000464	{nl}我是不知道為什麼你能這麼正常...{nl}要說誰是同夥，除了怪物之外，也沒有其他會傷害我們的東西了。
QUEST_LV_0400_20161118_000465	{nl}說明有點太長了。
QUEST_LV_0400_20161118_000466	{nl}這是人命關天的事。{nl}你好像不會受詛咒影響，請找到黑蘭塔把他帶來這裡吧！
QUEST_LV_0400_20161118_000467	席貝卡？{nl}為什麼？
QUEST_LV_0400_20161118_000468	{nl}不管怎樣，雖然她還沒來...{nl}但幸好你還活著。
QUEST_LV_0400_20161118_000469	我絕不是要你滿足我的欲望...
QUEST_LV_0400_20161118_000470	別管..我..
QUEST_LV_0400_20161118_000471	傳說中的洞窟 : 改版 1卷
QUEST_LV_0400_20161118_000472	在王國歷史開始被記載的{nl}許久之前，這塊土地上就流傳著{nl}一些關於神秘又驚奇的{nl}故事。{nl}這本書記載著{nl}在那些故事之中，{nl}最為人知曉的三個傳說{nl}故事。
QUEST_LV_0400_20161118_000473	在無數的傳說之中，{nl}選定往後要記錄場所{nl}的原因，是因為{nl}{nl} 民眾對寶物與黃金等財富{nl}的關心，相當濃厚，{nl}甚至成為女神信仰{nl}的基石。{nl}{nl} 現在在三個故事之中，{nl}我就來為你簡單介紹{nl}阿爾蘭必傳說吧。
QUEST_LV_0400_20161118_000474	第1章 阿爾蘭必傳說{nl}-{nl}在王國南部的奇雷恩這個地方，{nl}流傳著關於阿爾蘭必洞穴{nl}的故事。{nl} {nl}曾經有個厲害的鍊金術師，{nl}投入自己的全部力量，{nl}製作出金銀財寶和有價值的遺物，{nl}為了炫耀這些，{nl}他偶爾會到外頭去，{nl}邀請人回家。
QUEST_LV_0400_20161118_000475	
QUEST_LV_0400_20161118_000476	傳說中的洞窟 : 改版 2卷
QUEST_LV_0400_20161118_000477	在無數的傳說之中{nl}，{nl}選定往後要記錄場所{nl}的原因，是因為{nl}{nl} 民眾對寶物與黃金等財富{nl}的關心，相當濃厚，{nl}甚至成為女神信仰{nl}的基石。{nl}{nl} 現在在三個故事之中，{nl}我就來為你簡單介紹{nl}阿爾蘭必傳說吧。
QUEST_LV_0400_20161118_000478	第2章：被隱藏的王陵傳說{nl}-{nl}大森林地帶自古以來因為蓊鬱的{nl}山林而成為貴族們平時的{nl}狩獵場，也在發生緊急狀況時{nl}變為貴族和一般百姓的避難所{nl}。因此{nl}人們都有{nl}在這裡經歷過一些事{nl}是很理所當然的。但奇怪的是，卻沒有任何跟王室相關的{nl}故事，原因在於這裡有著{nl}坦尼爾2世時期在這裡建造了{nl}秘密王陵後，也把為數眾多的{nl}陪葬品一起埋進去的{nl}謠聞。
QUEST_LV_0400_20161118_000479	王室之間因為先王的{nl}秘密陵墓佇列於此，反而對這個地方{nl}裝作漠不關心的樣子。
QUEST_LV_0400_20161118_000480	其實，{nl}坦尼爾2世的正式葬禮紀錄{nl}和歷代先王不太一樣，與真實不符的謠言{nl}讓其失去可信度。因為{nl}歷代先王們不管是火葬或是{nl}土葬都會留下明確的紀錄。{nl}不過就算這些傳聞都是真的{nl}，這個墳墓似乎不會有與世人見面的{nl}那一天了。
QUEST_LV_0400_20161118_000481	
QUEST_LV_0400_20161118_000482	傳說中的洞窟 : 改版 3卷
QUEST_LV_0400_20161118_000483	在無數的傳說之中，{nl}選定往後要記錄場所{nl}的原因，是因為{nl}{nl} 民眾對寶物與黃金等財富{nl}的關心，相當濃厚，{nl}甚至成為女神信仰{nl}的基石。{nl}{nl} 現在在三個故事之中，{nl}我就來為你簡單介紹{nl}巴羅昆士黃金礦脈的傳說吧。
QUEST_LV_0400_20161118_000484	第3章：巴羅昆士黃金礦脈{nl}-{nl}聽說王國外某座隱密的山中有傳說中的{nl}黃金礦脈。{nl}根據傳說，先發現礦脈的{nl}竟然不是人類{nl}而是魔族，是有位勇士把魔族{nl}擊潰之後，把礦脈搶過來的。
QUEST_LV_0400_20161118_000485	那位勇士只是怕魔族把黃金拿去{nl}對人類做壞事{nl}才把礦脈搶走的，作為不貪圖財富{nl}、富有榮譽心的勇士把礦脈的{nl}正確位置當作祕密，也說絕對不會{nl}把礦脈裡的{nl}黃金做為己用。
QUEST_LV_0400_20161118_000486	歲月流逝，勇士也逐漸年老{nl}壽命走到盡頭，也沒留下任何後代{nl}傳說中的金礦{nl}也變成沒有主人的狀態，如果有人{nl}發現的話就可以{nl}成為最富有的人了。
QUEST_LV_0400_20161118_000487	不過這個傳說{nl}有個疑點。{nl}不管是在王國的歷史中或是其他任何的{nl}紀錄裡，都沒有找到任何從魔族手中搶過礦山，名為{nl}巴羅昆士{nl}的英雄。
QUEST_LV_0400_20161118_000488	因此也有很多人認為{nl}巴羅昆士根本是不存在的人{nl}所以巴羅昆士的黃金礦脈{nl}也不過是個傳說罷了。{nl}傳說裡對於礦山的名字{nl}為什麼叫巴羅昆士{nl}也沒有特別說明。{nl}即使這樣，還是有人{nl}深深相信這個傳說，{nl}也從未停止探索。
QUEST_LV_0400_20161118_000489	皮蘭敏 布蘭登
QUEST_LV_0400_20161118_000490	大家在此停留的時候聽到了一個忠告。{nl}這座森林很危險...!
QUEST_LV_0400_20161118_000491	真是無法理解獵人為什麼想獨佔這個地方。
QUEST_LV_0400_20161118_000492	那個，幫我一個忙。
QUEST_LV_0400_20161118_000493	{nl}好不容易從陷阱中逃脫，但腿實在是痛到無法再前進了。{nl}請旅行者幫幫我吧。
QUEST_LV_0400_20161118_000494	旁邊的圖拉斯空地有白尾草聽說可以消除疼痛。{nl}吃了那個就可以繼續走下去了...
QUEST_LV_0400_20161118_000495	從這邊走上去一點點的話，就會有白尾草了。{nl}就拜託你了。
QUEST_LV_0400_20161118_000496	真的是非常謝謝。{nl}現在總算可以離開這裡了。
QUEST_LV_0400_20161118_000497	{nl}聽說這有想把土地占為己有的凶殘的獵人。{nl}在掉進陷阱前，我還不太相信呢。
QUEST_LV_0400_20161118_000498	{nl}我還聽說他會用被馴服的怪獸來趕走外部人員呢...{nl}旅行者您也快避開這裡，別再往前走了。
QUEST_LV_0400_20161118_000499	還以為只是愛管閒事的冒險家，看來不是一般的小賭注啊。
QUEST_LV_0400_20161118_000500	比爾黑爾馬斯
QUEST_LV_0400_20161118_000501	正式介紹一下吧。{nl}我叫比爾黑爾馬斯。
QUEST_LV_0400_20161118_000502	{nl}本來是星之...啊，以前的事不重要，就跳過這段吧。
QUEST_LV_0400_20161118_000503	{nl}不久前才發現了愛梅特森林{nl}覺得這裡很適合難民們居住，正在處理這些難纏的怪獸。
QUEST_LV_0400_20161118_000504	{nl}而且這地方有怪獸棲息..
QUEST_LV_0400_20161118_000505	{nl}這樣看來，把一些有關我的內容刪掉的話，傳聞倒也有些真實性呢。{nl}我現在想做些能消滅怪物的事。
QUEST_LV_0400_20161118_000506	很感激你想幫忙的心意...得先確認一下你的實力。{nl}可不能有任何無意義的犧牲不是嗎。
QUEST_LV_0400_20161118_000507	竟然說我馴服怪獸來驅趕人類...{nl}真是太令我失望了。
QUEST_LV_0400_20161118_000508	沒想到你就是聲名顯赫的啟示者啊...{nl}不，說不定，你會來到這裡就是女神的安排呢。
QUEST_LV_0400_20161118_000509	以為你只是實力不凡而已，沒想到你就是啟示者。
QUEST_LV_0400_20161118_000510	如同我剛剛所說的，這裡非常適合人類居住。{nl}可以讓從廢都避難而來的人們安居落戶的好地方啊。
QUEST_LV_0400_20161118_000511	{nl}為了讓難民們可以在這裡生活，得先把這裡的庫凱利處理掉才行。{nl}但在那之前還有隻怪獸要先處置一下。
QUEST_LV_0400_20161118_000512	{nl}因為詛咒的關係很難追蹤到那些傢伙。{nl}如果你能幫幫我就好了...
QUEST_LV_0400_20161118_000513	{nl}但牠們可不是普通的傢伙，可不希望因為實力不夠而發生一些不必要的犧牲。{nl}我可以測試一下你的實力嗎？
QUEST_LV_0400_20161118_000514	我才剛開始對付這裡的庫凱利們。{nl}有個魔族突然闖進愛梅特森林了。
QUEST_LV_0400_20161118_000515	{nl}好像是為了找什麼東西跑進來的，別管牠目的是什麼。{nl}只要專心處置這個魔族就好。
QUEST_LV_0400_20161118_000516	{nl}要對抗這傢伙不難{nl}但現在有個問題。
QUEST_LV_0400_20161118_000517	{nl}這傢伙因為陷入了困境，對我下了詛咒。{nl}這詛咒讓我的視野逐漸縮小了。
QUEST_LV_0400_20161118_000518	{nl}總之，我拿出懷裡的紅色寶石往牠的身體刺下去了。{nl}那傢伙的身體漸漸產生變化了。
QUEST_LV_0400_20161118_000519	{nl}聽到這裡大概就能猜到，那個魔族就是傳說的怪獸。{nl}憑我的感覺，這個從怪獸變化而成的傢伙絕對不是那麼好對付的。
QUEST_LV_0400_20161118_000520	{nl}那傢伙似乎對我也有些恐懼，牠也馬上逃跑了。{nl}我和那傢伙之間一場冗長又無趣的鬥爭就此開始了。
QUEST_LV_0400_20161118_000521	{nl}對於被下詛咒的我來說，要追蹤那傢伙可不是一件簡單的事。{nl}身為獵人，視野受到限制，可是一個致命性的缺點啊。
QUEST_LV_0400_20161118_000522	{nl}擔心會有人因怪獸而遇害，在各個地方貼上了警告，還是會有難民一直進來。{nl}不過現在有你的幫助，是時候和那傢伙分出勝負了。
QUEST_LV_0400_20161118_000523	{nl}拜託借我你的力量。
QUEST_LV_0400_20161118_000524	很好。{nl}那麼試試消滅這森林的庫凱利們吧。{nl}如果你可以抓住這些傢伙的話，搞不好能跟我一起對抗那隻怪獸。
QUEST_LV_0400_20161118_000525	把這裡的庫凱利都消滅之後，我就來好好確認一下你的實力。
QUEST_LV_0400_20161118_000526	嗯...果然是身手非凡啊。{nl}跟你一起的話，就可以消滅那傢伙了。
QUEST_LV_0400_20161118_000527	{nl}但不管怎麼看都好像不是普通的賭注呢...{nl}你不是一般的旅行者吧？{nl}你到底是什麼人？
QUEST_LV_0400_20161118_000528	你就是那...！{nl}難怪你擁有這般的實力。
QUEST_LV_0400_20161118_000529	{nl}那麼，啟示者，您得用您的力量好好幫助我了。
QUEST_LV_0400_20161118_000530	既然有了幫手，那就可以試試那個方法了。{nl}說不定可以給那傢伙致命的一擊。
QUEST_LV_0400_20161118_000531	{nl}在那傢伙常走的要道上設置一下麻痺陷阱綁住牠的腳，我再用毒箭來射準牠。{nl}不過得先蒐集製作毒藥的材料，我一個人的話有些困難呢。
QUEST_LV_0400_20161118_000532	{nl}毒藥裡的第一個材料得從庫凱利們那蒐集過來。{nl}不過依我現在的視力，得非常接近庫凱利才可以進行辨別，如果我太靠近牠們的話，牠們會逃跑的。
QUEST_LV_0400_20161118_000533	{nl}所以你能幫忙找來一些毒嗎？
QUEST_LV_0400_20161118_000534	謝謝你。{nl}毒在庫凱利托特身上呢。
QUEST_LV_0400_20161118_000535	{nl}這些傢伙還太小才會把毒放在身體裡保護著，如果只是一般水準的毒，可能會不夠。{nl}得噴灑一些刺激劑才能增強牠們身體裡的毒氣。
QUEST_LV_0400_20161118_000536	{nl}你來處理被刺激劑擊中的庫凱利托特，我來把那些受到刺激的毒蒐集到袋子裡給你。
QUEST_LV_0400_20161118_000537	接近庫凱利托特並灑上刺激劑後消滅牠們吧。{nl}然後把牠們身體裡受到刺激的毒收進到袋子裡給我吧。
QUEST_LV_0400_20161118_000538	辛苦你了。{nl}跟我一起前往蒐集下一個材料吧。
QUEST_LV_0400_20161118_000539	接下來需要的材料是黃色烏頭花。
QUEST_LV_0400_20161118_000540	{nl}這可不是隨便用任何花都可以的。{nl}適不適合和毒藥一起調配可是只有專家才能看得出來的。
QUEST_LV_0400_20161118_000541	{nl}這件事不太好讓你去做，辨別花朵和蒐集的事就讓我來吧。{nl}你就指引無法看到遠方的我到有花的地方吧。
QUEST_LV_0400_20161118_000542	就拜託你了。頭盔花生長在沙爾瑪斯瀑布周圍。{nl}我們馬上出發吧。
QUEST_LV_0400_20161118_000543	辛苦你了。{nl}我現在要開始調配毒藥了...
QUEST_LV_0400_20161118_000544	現在毒藥的材料已經齊全了。{nl}不過...{nl}麻痺陷阱的材料都用完了呢。
QUEST_LV_0400_20161118_000545	{nl}庫凱利蘇米們會帶著用在小動物身上的微量麻痺藥。{nl}蒐集大量的麻痺藥後熬煮的話，就會變成很棒的麻痺藥了。
QUEST_LV_0400_20161118_000546	{nl}你可以幫我蒐集牠們身上帶著的麻痺藥嗎？
QUEST_LV_0400_20161118_000547	謝謝了。{nl}這段時間我就來準備其他東西。
QUEST_LV_0400_20161118_000548	把庫凱利蘇米消滅後，蒐集牠們帶著的麻痺藥。
QUEST_LV_0400_20161118_000549	比預期的還花時間呢。{nl}現在來完成這個陷阱吧。
QUEST_LV_0400_20161118_000550	完成了。{nl}現在把陷阱設置好就可以了。
QUEST_LV_0400_20161118_000551	在你蒐集麻痺藥的時候，我已經把毒藥調配好還調查了一下那傢伙呢。{nl}那傢伙四處留下了紅色的痕跡呢。你可能沒發現到那些細微的痕跡。
QUEST_LV_0400_20161118_000552	{nl}應該是在變身成怪獸的過程中，被紅色寶石刺進身體裡的關係。{nl}總之，循著紅色痕跡就發現了那傢伙經常往返的小道了。
QUEST_LV_0400_20161118_000553	{nl}在從特雷達拉伊溪邊前往沙爾瑪斯瀑布的路上設下麻痺陷阱就可以了。{nl}我就埋伏在菲秀奧貝奈瀑布那邊，把塗上毒藥的箭對準掉進陷阱裡的那傢伙。
QUEST_LV_0400_20161118_000554	{nl}絕對可以給那傢伙致命的一擊。{nl}你就到我剛剛說的地方設置好陷阱吧。
QUEST_LV_0400_20161118_000555	要準確地設置好陷阱喔。{nl}如果不是我剛剛說的那個位置上的話，就無法正確瞄準到那傢伙了。
QUEST_LV_0400_20161118_000556	在那傢伙經過那裏之前，趕快把陷阱給設置好吧。
QUEST_LV_0400_20161118_000557	得先在這休息一下了...{nl}那傢伙逃往的巴伊凱丘陵是個無路可逃的地方。 
QUEST_LV_0400_20161118_000558	{nl}你就繼續追下去並把那傢伙消滅掉吧。{nl}牠已經中了毒箭，你一定可以做到的。
QUEST_LV_0400_20161118_000559	別擔心我，快去追上那傢伙！{nl}在那傢伙恢復力氣以前...！
QUEST_LV_0400_20161118_000560	牠逃往阻塞的地方了。{nl}現在是消滅那傢伙大好的機會啊！
QUEST_LV_0400_20161118_000561	이제 괴수를 잡기 위해 곳곳에 설치된 함정들을 수거해야겠군.{nl}자네처럼 멋모르고 걸려들 사람들이 있어선 안되니까 말일세.
QUEST_LV_0400_20161118_000562	希望你後面的旅程能得到女神的呵護...{nl}我會替你祈禱早日達成你的使命。
QUEST_LV_0400_20161118_000563	就算我有傷在身，還是能對付庫凱利這種等級的{nl}你趕快追上那傢伙結束這一切吧。
QUEST_LV_0400_20161118_000564	好..{nl}又臭又長的戰爭終於結束了。
QUEST_LV_0400_20161118_000565	{nl}如果不是你，不知何時才能結束這一切。{nl}我的視野好像也因為那傢伙的死亡而漸漸恢復了呢。
QUEST_LV_0400_20161118_000566	{nl}我欠了一個大人情了呢。{nl}如果可以的話，希望你能跟我一起整頓這個地方...
QUEST_LV_0400_20161118_000567	{nl}但你還有身為啟示者的使命。{nl}不知道該怎麼感謝你一路幫助我到這裡呢。
QUEST_LV_0400_20161118_000568	{nl}一路上小心了。{nl}希望你後面的旅程能得到女神的呵護。
QUEST_LV_0400_20161118_000569	再更往深處前進的話，就無法保障你的生命安全了。{nl}現在還有機會，我勸你還是趕快回頭吧。
QUEST_LV_0400_20161118_000570	希望你小心那些殘暴的庫凱利族以及尚未回收的陷阱。
QUEST_LV_0400_20161118_000571	難民 蜜莉亞
QUEST_LV_0400_20161118_000572	我聽說這裡還勉強可以撐下去才來的，看來我來錯地方了呢。{nl}這裡也充滿了怪物...想向那些人請求援助，但他們正忙著互相爭吵...
QUEST_LV_0400_20161118_000573	這個世界被顛覆都已經４年了，不敢相信至今還有人在爭吵領地。
QUEST_LV_0400_20161118_000574	不過幸好兩位領主還願意對話。{nl}希望能決定出我們依靠誰會比較好就好了。
QUEST_LV_0400_20161118_000575	希望協商過程順利...{nl}看兩位平時相處的樣子，感覺會進行得不太順利，有點擔心呢。
QUEST_LV_0400_20161118_000576	雖然不是隨便一位就能決定的事，但希望他們能停止爭吵並積極幫助我們的話就好了。
QUEST_LV_0400_20161118_000577	旅行者，謝謝您。{nl}這都是託了旅行者您的福啊。
QUEST_LV_0400_20161118_000578	原來是旅行者啊...{nl}請幫幫我們吧...
QUEST_LV_0400_20161118_000579	{nl}我們為了避難帶來這裡的食物早已經吃完很久了...{nl}雖然試過向統治這個地方的兩位領主請求幫助，但兩位只顧著互相吵架呢。
QUEST_LV_0400_20161118_000580	{nl}旅行者您似乎能對抗那些怪獸們，想請您幫幫我們啊...{nl}您可以幫我們狩獵附近黃色的葉豆精然後蒐集果實給我們嗎？
QUEST_LV_0400_20161118_000581	真是謝謝您。{nl}這附近能吃的東西似乎就只剩下葉豆精的尾巴了。
QUEST_LV_0400_20161118_000582	請獵殺附近的黃色葉豆精然後把果實帶來給我們吧。 
QUEST_LV_0400_20161118_000583	真的很謝謝您。{nl}這些足夠支撐一陣子了...誰成為這地方的主人都可以，只希望趕快有個結果出來就好...
QUEST_LV_0400_20161118_000584	難民 格雷格
QUEST_LV_0400_20161118_000585	真是的...為了尋求幫助而來到這裡，沒想到這裡連守護好自己都有困難...{nl}所以才說這裡和其他地方也沒什麼差別...
QUEST_LV_0400_20161118_000586	竟然還有人為了土地爭吵不已...{nl}難道不能拿這些貴族沒辦法嗎？
QUEST_LV_0400_20161118_000587	好歹名義上還是個領主。{nl}被怪物教訓過一次之後，總算打起精神來了。
QUEST_LV_0400_20161118_000588	聽說是旅行者您介中調停了兩位領主的紛爭？{nl}真是不知道該怎麼感謝您才好呢。
QUEST_LV_0400_20161118_000589	旅行者您可能不太知道，難民們一天內要被怪物們攻擊好幾次。{nl}附近有再多士兵也沒什麼用。{nl}光是保護自己主人就夠忙的了。
QUEST_LV_0400_20161118_000590	{nl}更何況他們的主人也不管這地方難民們的死活。{nl}光是為了土地就吵得不可開交了。
QUEST_LV_0400_20161118_000591	{nl}所以只好自行尋找能保護自己的方法。{nl}雖然有點抱歉，您能幫我蒐集附近還算堅固的樹枝給我嗎？
QUEST_LV_0400_20161118_000592	{nl}好好處理一下的話，我想當武器帶在身邊。{nl}我得在這裡好好處理一下我所蒐集來的木枝。
QUEST_LV_0400_20161118_000593	真的很感謝您願意幫助我。{nl}這附近的樹枝都已經被蒐集得差不多了，請您到古爾利吉亞交叉路幫我找找吧。 
QUEST_LV_0400_20161118_000594	{nl}樹枝附近通常都有怪物，請多小心。
QUEST_LV_0400_20161118_000595	蒐集樹枝的時候，請小心附近會有怪物。
QUEST_LV_0400_20161118_000596	謝謝。{nl}看起來都非常的堅固呢。
QUEST_LV_0400_20161118_000597	{nl}不過終究還是木頭...用這個是撐不了多久的。{nl}領主們之間的爭吵得快點結束才行...
QUEST_LV_0400_20161118_000598	{nl}也是，就算結束了，那些在高位的人會不會願意照顧我們也只有女神才知道了。
QUEST_LV_0400_20161118_000599	我看到你幫忙格雷格了。
QUEST_LV_0400_20161118_000600	{nl}這樣如此爽快地幫助我們，對抗怪物時也如此熟練...{nl}看來您可不是簡單的人物呢。
QUEST_LV_0400_20161118_000601	{nl}我們...如果兩位領主之間的爭吵再不結束的話，我們也好離開這裡了。{nl}但因為那個禁止進入愛梅特森林的警告，還有那個奇怪的傳聞，害怕地不敢走呢。 
QUEST_LV_0400_20161118_000602	{nl}最後變得無處可去了。{nl}所以能拜託您幫幫忙調停一下兩位領主之間的紛爭嗎？
QUEST_LV_0400_20161118_000603	你會幫忙吧？
QUEST_LV_0400_20161118_000604	{nl}啊，真是太好了..
QUEST_LV_0400_20161118_000605	{nl}如果是旅行者您的話，一定有辦法說服兩位領主的。
QUEST_LV_0400_20161118_000606	{nl}里烏達斯領主替代生病的兄長在統治這裡。{nl}是個個性非常固執的男人。{nl}目前帶領著士兵們停留在圖符斯空地。
QUEST_LV_0400_20161118_000607	{nl}優庫巴斯領主才剛繼承家業，是位年輕的少爺。 {nl}他正與家庭教室一起在內佛蘭迪岔路。
QUEST_LV_0400_20161118_000608	{nl}就算我們去了也會被士兵趕出來的。{nl}請旅行者您去見見他們吧。
QUEST_LV_0400_20161118_000609	里烏達斯領主在圖符斯空地，{nl}優庫達斯在內佛蘭迪岔路，與各自的部下待在一起。{nl}請您一定要說服他們。
QUEST_LV_0400_20161118_000610	真是太了不起了！{nl}沒想到兩位都被說服了...
QUEST_LV_0400_20161118_000611	領主 里烏達斯
QUEST_LV_0400_20161118_000612	不是隨便任何人都可以謁見領主的。{nl}不管這個世界變成怎麼樣，都不能忘記這點。
QUEST_LV_0400_20161118_000613	我受到家門的全權委任，代替病臥在床的兄長管理這個地方。{nl}若是有人威脅到家門的領土，不管是誰都不可寬恕。
QUEST_LV_0400_20161118_000614	既然你都實現了我交代給你的任務，我也會賭上家門名譽來遵守約定的。{nl}我會試著和優庫巴斯那毛頭小子對話的。
QUEST_LV_0400_20161118_000615	也就限止於對話。{nl}這裡是我們家門的領地，這點是無庸置疑的真理。沒有任何妥協的餘地。
QUEST_LV_0400_20161118_000616	誰阿這樣突然出現在我身邊？
QUEST_LV_0400_20161118_000617	{nl}竟然說我跟這無能的部下一樣。{nl}是誰隨便讓這個外部人員進來的...
QUEST_LV_0400_20161118_000618	{nl}不管怎樣，你一定是有求於人才來這的吧？{nl}你有什麼事要見里烏達斯領主代理人呢？
QUEST_LV_0400_20161118_000619	和優庫巴斯家的小孩爭吵的理由是？
QUEST_LV_0400_20161118_000620	{nl}我們哪裡有吵架。{nl}這只是基於我們家門的權利所提出正當的主張罷了。
QUEST_LV_0400_20161118_000621	{nl}我有王室賜予這土地的權利書啊。{nl}這都是那愚蠢的毛頭小子在強詞奪理啊。
QUEST_LV_0400_20161118_000622	{nl}我可不像我哥哥那樣好對付。{nl}這裡是我們里烏達斯家的領地。{nl}我是絕對不會讓步的。
QUEST_LV_0400_20161118_000623	還以為你要說什麼呢，原來只是這些荒唐的話。{nl}為什麼我要跟那毛頭小子談論屬於我們家正當領地的事呢？
QUEST_LV_0400_20161118_000624	{nl}受到難民們的請求...？{nl}你是說聚集在前面的那些難民們嗎？
QUEST_LV_0400_20161118_000625	{nl}也是，身為一位領主可不能無情地回絕居民們的請求。{nl}如果你能做到我所要求的事情，我可以考慮聽聽你的要求。
QUEST_LV_0400_20161118_000626	{nl}現在好像有幾位士兵感染了傳染病。{nl}在感染更多人之前，得趕快治癒他們，首先必須先採集能作為藥材的匹斯提斯草草根。
QUEST_LV_0400_20161118_000627	去把在附近的匹斯提斯草的根挖來吧。
QUEST_LV_0400_20161118_000628	辛苦了。{nl}但是為了製作藥材還需要更多的材料。
QUEST_LV_0400_20161118_000629	里烏達斯的護衛兵
QUEST_LV_0400_20161118_000630	從領主身邊退開！
QUEST_LV_0400_20161118_000631	這位是統治這塊土地的里烏達斯領主。
QUEST_LV_0400_20161118_000632	要製作藥材的話還需要橘色克魯莫的腳。{nl}因此必須擊倒橘色克魯莫，可能得花一番力氣...
QUEST_LV_0400_20161118_000633	{nl}我也可以使喚其他部下做這件事，如果你不想做的話也沒關係。
QUEST_LV_0400_20161118_000634	嗯...真是令人意外呢。{nl}雖然我不知道你是誰，但有必要如此竭盡心力幫助那些難民們嗎？
QUEST_LV_0400_20161118_000635	{nl}好吧。{nl}既然你決定要做了，那就把橘色克魯莫的腳蒐集過來吧。
QUEST_LV_0400_20161118_000636	消滅橘色克魯莫後，把他的腳帶來的話，我就可以製作出治癒士兵的藥材了。
QUEST_LV_0400_20161118_000637	沒想到你做得挺好的。{nl}這樣的話，我就可以拜託你一件私事了。
QUEST_LV_0400_20161118_000638	這裡不僅是我們家門的領地，也是充滿我兒時回憶的地方。
QUEST_LV_0400_20161118_000639	{nl}在亞特敏堤斯空地中，有我與哥哥拿來測量身高的一棵樹。{nl}我想把埋藏在那樹下的玩具箱給拿回來。
QUEST_LV_0400_20161118_000640	{nl}但是優庫巴斯那毛頭小子說那裏是他家的領地不讓我的士兵隨意進出。
QUEST_LV_0400_20161118_000641	{nl}如果是你的話，那毛頭小子可能會放鬆戒心。{nl}你能代替我把那玩具箱子拿回來嗎？
QUEST_LV_0400_20161118_000642	{nl}我想把它拿去給臥病在床的哥哥。
QUEST_LV_0400_20161118_000643	很好。{nl}如果你能幫我拿回箱子，我就考慮一下要不要和那毛頭小子展開對話。
QUEST_LV_0400_20161118_000644	{nl}那棵樹上應該還留有我和哥哥測量身高的痕跡...{nl}不過看看其他的樹木，那棵樹也應該被覆上了一層厚厚的苔蘚了吧。
QUEST_LV_0400_20161118_000645	{nl}紅色曼陀花的體液帶有強烈酸性，先把體液蒐集過來吧。{nl}然後去找到我跟你說的那棵樹，把樹上的苔蘚都溶解掉後確認有沒有痕跡吧。
QUEST_LV_0400_20161118_000646	{nl}確定那棵樹有痕跡的話，就把藏在地裡的箱子給拿回來吧。
QUEST_LV_0400_20161118_000647	前往亞特敏堤斯空地，把樹上的苔蘚溶解掉後，確定是不是留有痕跡的那棵樹吧。{nl}然後把藏在地裡的箱子給拿回來吧。
QUEST_LV_0400_20161118_000648	真是懷念啊。{nl}雖然有點褪色了，但還是記憶中的那個樣子啊。{nl}既然你完成了我交代的事情，我也會遵守跟你的約定的。
QUEST_LV_0400_20161118_000649	{nl}我會派人去優庫巴斯那。{nl}不過你要知道，萬一那小子拒絕的話，我是不會硬要與他協商的。
QUEST_LV_0400_20161118_000650	領主 優庫巴斯
QUEST_LV_0400_20161118_000651	賤東西！{nl}別隨便跟我搭話！
QUEST_LV_0400_20161118_000652	你若是還有事有求於我的話，就跟羅貝勒塔說吧。
QUEST_LV_0400_20161118_000653	根據羅貝勒塔的說法，就算結果已大致底定，還是可以聽聽對方的要求。{nl}所以決定先聽聽他要說什麼。
QUEST_LV_0400_20161118_000654	如果難民們需要我的幫助，不是應該先承認我是這地方的主人嗎？
QUEST_LV_0400_20161118_000655	羅貝勒塔
QUEST_LV_0400_20161118_000656	如果要謁見優庫巴斯大人的話，得先過我這關。
QUEST_LV_0400_20161118_000657	我可是從領主小時候就開始教導他的老師啊。
QUEST_LV_0400_20161118_000658	{nl}也因如此，領主可是很信任我的。{nl}想說服領主的話，就得先說服我。
QUEST_LV_0400_20161118_000659	我會遵守約定的。{nl}我會想辦法讓你們與領主對話的。
QUEST_LV_0400_20161118_000660	但我實在無法理解。{nl}只不過是普通的旅行者為什麼會如此竭盡心力為難民們出頭呢？
QUEST_LV_0400_20161118_000661	{nl}你什麼救援者都不是嗎？
QUEST_LV_0400_20161118_000662	起初這裡的確是優庫巴斯家門的領地沒有錯... {nl}這個世界已經被顛覆了，跟著改變也是沒辦法的事。
QUEST_LV_0400_20161118_000663	如果劃定了新的國界的話，建議領主要開始關心那些難民們了。
QUEST_LV_0400_20161118_000664	優庫巴斯的護衛兵
QUEST_LV_0400_20161118_000665	有什麼事就跟羅貝勒塔說。
QUEST_LV_0400_20161118_000666	別隨便靠近優庫巴斯領主！
QUEST_LV_0400_20161118_000667	這卑賤的人是誰？{nl}還不快給我退下？
QUEST_LV_0400_20161118_000668	請息怒，領主大人。{nl}旅行者您若有話想對領主說的話，得先經過我才行。
QUEST_LV_0400_20161118_000669	我是優庫巴斯領主的忠臣，我叫羅貝勒塔{nl}您有什麼事嗎？
QUEST_LV_0400_20161118_000670	竟敢如此隨意跟我說話？{nl}有話要說的話，透過羅貝勒塔跟我說吧！
QUEST_LV_0400_20161118_000671	一般人是不能隨意謁見領主的。{nl}先取得資格的話，我會傳達你的話的。
QUEST_LV_0400_20161118_000672	{nl}也不是什麼困難的大事。{nl}如果你能消滅紅色曼陀花的話，我就會認可你的。
QUEST_LV_0400_20161118_000673	你去消滅我所要求的紅色曼陀花數量吧。{nl}那麼我會聽聽你的要求的。
QUEST_LV_0400_20161118_000674	辛苦了。{nl}現在說說你為何而來？
QUEST_LV_0400_20161118_000675	和里烏達斯領主代理人的協商啊...真是個棘手的問題啊。{nl}和一位並非正式領主身分的人彼此對立這件事，讓我們領主感到非常可恥啊。
QUEST_LV_0400_20161118_000676	{nl}不過這件事也不能就這樣算了{nl}而且難民們好像還搞不清楚誰才是真正的主人...
QUEST_LV_0400_20161118_000677	{nl}不管怎樣，必須有更明確的證據才行。{nl}如果你能帶來我所說的東西的話，我會說服領主和你對話的。
QUEST_LV_0400_20161118_000678	前往阿克梅尼斯湖邊那附近的話，會看到建築物殘骸。{nl}那是我們領地管理人曾經在那生活過的痕跡。
QUEST_LV_0400_20161118_000679	{nl}仔細找找殘骸的話，會發現繪有我們家門紋章的東西{nl}我們的人都會被里烏達斯領主的人給擋下來，無法過去那邊，你去幫我找找吧。
QUEST_LV_0400_20161118_000680	前往阿克梅尼斯湖邊附近的殘骸，把繪有優庫巴斯家門紋章的東西帶過來吧。
QUEST_LV_0400_20161118_000681	那是...原來是盾牌啊。{nl}上面果然有優庫巴斯家門的紋章呢。
QUEST_LV_0400_20161118_000682	{nl}辛苦你了，還以為你無法完成這項任務呢。{nl}還有一件事得再麻煩你了。
QUEST_LV_0400_20161118_000683	優庫巴斯家門通常會在自己的領地上矗立石造的紀念碑。{nl}如果你能找到紀念碑的話，就更能使難民們信服了。
QUEST_LV_0400_20161118_000684	{nl}已經確認過大概的位置了，但我們無法過去那邊。{nl}領主為了防禦那些怪物，無法再分派士兵。
QUEST_LV_0400_20161118_000685	{nl}更何況也無法確保里烏達斯領主代理人那邊的士兵會不會突然出現...
QUEST_LV_0400_20161118_000686	{nl}如果和你一起的話，就可以在我調查各紀念碑位置的時候保護我呢。{nl}你能跟我一起前往尋找紀念碑嗎？
QUEST_LV_0400_20161118_000687	很好。紀念碑分別位於帕奇突西小路、斯卡爾達石子路、拉伊普達伊絕壁。{nl}那麼要出發了嗎？
QUEST_LV_0400_20161118_000688	真是辛苦您了。{nl}現在難民們就會知道誰是這裡的主人了。
QUEST_LV_0400_20161118_000689	{nl}啊...我會把您的要求告訴領主的。{nl}畢竟這是我和您的約定。
QUEST_LV_0400_20161118_000690	{nl}但您要知道，這畢竟只是帶話而已。{nl}這個地方的確是優庫巴斯家門的領地，是沒有任何協商餘地的。
QUEST_LV_0400_20161118_000691	但是有個問題。
QUEST_LV_0400_20161118_000692	{nl}在旅行者回來之前，兩位領主前來空地展開了協商。{nl}但是氣氛不是很好呢。
QUEST_LV_0400_20161118_000693	{nl}去看看會比較好。
QUEST_LV_0400_20161118_000694	兩位領主在旁邊的空地見面了呢。
QUEST_LV_0400_20161118_000695	一直為領地而爭吵，都忘了重要的東西了呢...{nl}賭上里烏達斯家門的名譽，我會竭力幫助這地方的難民們的。
QUEST_LV_0400_20161118_000696	沒想到怪物們竟如此頑強。{nl}難道牠們這段時間都沒有盡全力出招嗎？
QUEST_LV_0400_20161118_000697	雖然不是很情願，但既然已經劃定新的國界了，那就沒辦法了。{nl}我不會再跟里烏達斯爭吵了。
QUEST_LV_0400_20161118_000698	如果是羅貝勒塔的話，一定知道能好好照顧難民的好方法。{nl}我會一如往常地採用羅貝勒塔的建言。
QUEST_LV_0400_20161118_000699	沒想到我的部下全都被打敗了...！{nl}託你的福，撿回了一條命呢。
QUEST_LV_0400_20161118_000700	{nl}非常感謝。
QUEST_LV_0400_20161118_000701	怪物們竟然這麼強大？{nl}幸好沒有把羅貝勒塔帶來這。
QUEST_LV_0400_20161118_000702	是啊...現在不應該再為我們之間的領地再繼續吵下去了。{nl}我們應該要聯合力量一起擊退這些怪物…
QUEST_LV_0400_20161118_000703	就像你說的。{nl}劃定新國界，彼此不再爭吵的話，就可以專心治理自己的領地了。
QUEST_LV_0400_20161118_000704	雖然我非常確定這裡是我們家門的領地...{nl}都到這地步了，也應該要懂得讓步。
QUEST_LV_0400_20161118_000705	{nl}好吧。{nl}一起和里烏達斯協議一下新的國界吧。
QUEST_LV_0400_20161118_000706	討論結束了。{nl}我們決定以這地區中間點的道路為基準點來劃定新國界。
QUEST_LV_0400_20161118_000707	{nl}為了不再有紛爭，我們也決定優先照顧這些難民們。
QUEST_LV_0400_20161118_000708	還以為只是個沒禮貌、死腦筋的年輕傢伙，沒想到還滿談得來的嘛。{nl}既然劃定了新國界，就各自照顧國界內的難民們吧。
QUEST_LV_0400_20161118_000709	現在得廣設標示牌來告知大家已經有了新的國界了。{nl}設在帕斯圖格彎路、古爾利吉亞交叉路和帕奇突西小路上的話就差不多了吧。
QUEST_LV_0400_20161118_000710	{nl}你夾在中間也辛苦了。{nl}作為一個領主，跟你約定，我會更加用心照顧這些難民的。
QUEST_LV_0400_20161118_000711	雖然不是很滿意這個結果，但也沒辦法了。{nl}這樣聽來，里烏達斯主張的立場也不是不無道理呢。
QUEST_LV_0400_20161118_000712	印德拉雅
QUEST_LV_0400_20161118_000713	不只是庫凱利族，連魔族都出現了...{nl}希拉森林的調查變得更困難了呢。
QUEST_LV_0400_20161118_000714	我想要做的事情是關係到很多人生死的大事呢。{nl}實在是...辛苦的呢。如果有人能來幫助我的話就好了...
QUEST_LV_0400_20161118_000715	竟然能得到啟示者的幫助，看來女神還沒拋棄這個王國呢。
QUEST_LV_0400_20161118_000716	沉睡在塔尼爾２世的王陵中的古代知識將有助於重建王國。
QUEST_LV_0400_20161118_000717	巴爾泰力斯也是個很難纏的魔族呢。{nl}如果不是啟示者您的話，還不知道有誰可以擊倒他呢。
QUEST_LV_0400_20161118_000718	塔尼爾２世王陵裡面應該沒什麼值得讓魔族覬覦的東西啊...
QUEST_LV_0400_20161118_000719	{nl}真不知道牠們想得到什麼。{nl}竟然想妨礙人們重建王國？難道牠們相信啟示者的存在？
QUEST_LV_0400_20161118_000720	嗯？{nl}能來到這裡的話，看來您可不是個普通的旅行者呢。
QUEST_LV_0400_20161118_000721	{nl}我是冒險家印德拉雅。{nl}難民們為了重建王國，向我請求幫忙尋找適合居住的地方。
QUEST_LV_0400_20161118_000722	{nl}沒想到會在這種地遇到魔族呢。{nl}我的護衛馬爾克斯為了保護我受傷了。
QUEST_LV_0400_20161118_000723	{nl}我想讓那些怪物們沒辦法進到這個地方。{nl}能請你幫幫我們嗎？
QUEST_LV_0400_20161118_000724	謝謝。{nl}雖然已經在附近灑上庫凱利族討厭的溶液，但還不太足夠呢。{nl}雖然有材料，卻沒有可以拿來溶解的水呢。
QUEST_LV_0400_20161118_000725	{nl}生長在這附近的希拉蒲公英的花蕊上有很多露水。{nl}請你幫我蒐集希拉蒲公英的露水。
QUEST_LV_0400_20161118_000726	請幫我蒐集希拉蒲公英花蕊上的露水吧。
QUEST_LV_0400_20161118_000727	謝謝。{nl}有這個的話就能放心了。
QUEST_LV_0400_20161118_000728	{nl}但這個穿著和實力...我知道這樣很失禮...還是得確認一下。{nl}請問您是啟示者嗎？
QUEST_LV_0400_20161118_000729	果然沒猜錯。{nl}早已久仰您的大名了。
QUEST_LV_0400_20161118_000730	{nl}真是太榮幸了。{nl}如果您真的是啟示者的話，我就可以吐露我真正的目的了。
QUEST_LV_0400_20161118_000731	瑪樂寇斯
QUEST_LV_0400_20161118_000732	千萬別輕易靠近這位...！{nl}他可是身負重要任務的人啊！
QUEST_LV_0400_20161118_000733	這些庫凱利族的傢伙...{nl}他們比以前強多了...
QUEST_LV_0400_20161118_000734	我也聽過有關你的傳聞了...{nl}希望你能幫幫他...
QUEST_LV_0400_20161118_000735	大家都很信任你...{nl}如果你能幫忙這件事的話，說不定可以更加堅固與王室相關者之間的信任呢...
QUEST_LV_0400_20161118_000736	重新介紹我自己。{nl}我並不是冒險家。
QUEST_LV_0400_20161118_000737	{nl}我收到想重建王國的拉明將軍的命令而來到這的。{nl}目的是找出藏匿在希拉森林中的塔尼爾２世的王陵。
QUEST_LV_0400_20161118_000738	{nl}這位是負責守護我的馬爾克斯將校，他受傷了。{nl}為了完成我的任務，能請啟示者幫幫我嗎？
QUEST_LV_0400_20161118_000739	謝謝。{nl}攻擊我們的兇手是受到魔族指使的庫凱利族。
QUEST_LV_0400_20161118_000740	{nl}雖然牠們平常不太喜歡人類，但沒想到牠們竟然會如此有計畫性的來攻擊我們。{nl}牠們一定和魔族成為同盟了。
QUEST_LV_0400_20161118_000741	{nl}牠們一定會到處找我們的。{nl}希望啟示者您幫忙減少庫凱利族的數量。
QUEST_LV_0400_20161118_000742	拉明大將軍懷著重建王國的遠大目標，正在四處奔波著。{nl}可以的話，希望能動員所有的力量。
QUEST_LV_0400_20161118_000743	{nl}在這過程中，有樣從王室傳承下來的東西引起了注目。
QUEST_LV_0400_20161118_000744	{nl}聽說塔尼爾２世另外建造了一個王陵。{nl}避開了以前的戰亂，保存了必須由王室傳承下去的遺志和無盡的知識。
QUEST_LV_0400_20161118_000745	{nl}大將軍深信這些被隱藏起來知識將有助於王國的重建。
QUEST_LV_0400_20161118_000746	{nl}流傳必須是王室的血脈才能找到被隱藏的王陵入口。{nl}剛好是王室遠房親戚的我，非常榮幸地能擔負這重責大任。
QUEST_LV_0400_20161118_000747	{nl}但我沒想到魔族們竟然也正在覬覦著第二個王陵。
QUEST_LV_0400_20161118_000748	{nl}本來是有兩個魔族的，但因為我散播的假情報，有一個還在愛梅特森林裡徘徊呢。{nl}但另外一個沒被騙到，依循著線索跟到這裡來了呢。
QUEST_LV_0400_20161118_000749	{nl}如果沒有在這裡遇到啟示者的話，我可能會受到魔族的阻擋而沒辦法完成我的任務了。
QUEST_LV_0400_20161118_000750	希望您能幫我們擊退緊追在後的庫凱利奏伊尼和庫凱利扎巴。
QUEST_LV_0400_20161118_000751	謝謝。{nl}但後面的魔族還沒有被消滅，實在是無法安心呢。
QUEST_LV_0400_20161118_000752	你說有東西要給我？
QUEST_LV_0400_20161118_000753	{nl}..{nl}這是魔族的命令書！
QUEST_LV_0400_20161118_000754	{nl}真不曉得庫凱利是怎麼看懂這個的。{nl}我曾學習過魔族的語言，我會試著解讀看看的。{nl}
QUEST_LV_0400_20161118_000755	依我的程度還無法解讀您帶來的命令書。{nl}一定還有另外一份命令書的啊...
QUEST_LV_0400_20161118_000756	{nl}把它們蒐集起來，一起比較、分析的話，就可以大概猜測到魔族的意圖了。{nl}雖然有點辛苦，您能幫我蒐集更多的命令書嗎？
QUEST_LV_0400_20161118_000757	謝謝你。確定是從庫凱利扎巴那蒐集到的吧？{nl}請把前往斯達巴斯空地路上的庫凱利扎巴獵殺之後把命令書蒐集來給我吧。
QUEST_LV_0400_20161118_000758	庫凱利扎巴身上一定還有其他的命令書。{nl}如果有很多份命令書的話，一定有我能看懂的內容的。
QUEST_LV_0400_20161118_000759	謝謝。{nl}有了您幫我蒐集來的文件，我一定會找出那些魔族正在策畫什麼計謀的。
QUEST_LV_0400_20161118_000760	我已經看完您幫我蒐集來的命令書了。{nl}跟您解釋一下內容...
QUEST_LV_0400_20161118_000761	{nl}覬覦著王陵的魔族名為巴爾泰力斯。{nl}和其他魔族不一樣，機靈的牠依循著線索尋找王陵的途中，碰巧遇上了我們。
QUEST_LV_0400_20161118_000762	{nl}雖然以馬爾克斯的力量就可以擊退牠們...{nl}但牠們把和王陵的秘密相關的箱子給搶走了。
QUEST_LV_0400_20161118_000763	{nl}根據命令書的內容來看，牠們應該還沒有解開箱子的秘密。
QUEST_LV_0400_20161118_000764	{nl}啟示者。{nl}我知道這個請求很為難，但您能幫我擊退巴爾泰力斯並把箱子給帶回來嗎？
QUEST_LV_0400_20161118_000765	謝謝。{nl}牠現在在亞沛伊高斯祭壇那邊，因為抓不著頭緒而徘徊著呢。
QUEST_LV_0400_20161118_000766	請把巴爾泰力斯擊退後，把被搶走的王室的箱子帶回來吧。
QUEST_LV_0400_20161118_000767	謝謝您。{nl}託您的福，妨礙我的人消失了，也重新找回線索了。
QUEST_LV_0400_20161118_000768	現在已經沒有人可以妨礙我了，可以好好專心找尋王陵的入口了。{nl}在那之前，我有話要跟您說。
QUEST_LV_0400_20161118_000769	{nl}必須解開好幾道謎題才有辦法找到王陵的入口。{nl}您幫我找回來的王室的箱子就是第一道題目。
QUEST_LV_0400_20161118_000770	{nl}王室的箱子裡雖然藏有重要的線索，但卻不能直接打開。{nl}必須找出鎖頭上五種顏色的組合方式才能打開。
QUEST_LV_0400_20161118_000771	{nl}根據傳說，王陵的入口處會有五棵樹木，透過那些樹木將可得知有那些顏色。{nl}我不能就這樣不管馬爾克斯，可以請啟示者您幫我調查那五棵樹木嗎？
QUEST_LV_0400_20161118_000772	請接住畫有紋章的銅板和地圖。{nl}聽說畫有王室紋章的銅板具有了魔法。
QUEST_LV_0400_20161118_000773	{nl}它會和箱子一起對王室種在這裡並具有魔法的樹產生反應的
QUEST_LV_0400_20161118_000774	{nl}地圖上也會顯示出具有魔法的樹木的位置。{nl}請依循地圖找出樹木的位置並找出令銅板產生反應的樹木顏色的線索吧。
QUEST_LV_0400_20161118_000775	請參考地圖找到具有魔法的樹木，並且使用紋章好好觀察魔法反應吧。
QUEST_LV_0400_20161118_000776	因為馬爾克斯已經有好一點了，就把他送回佩迪米安了。{nl}尋找有魔法的樹木的事進行的怎麼樣了呢？
QUEST_LV_0400_20161118_000777	{nl}紅色和…藍色…
QUEST_LV_0400_20161118_000778	{nl}啊哈…！
QUEST_LV_0400_20161118_000779	{nl}原來如此！
QUEST_LV_0400_20161118_000780	{nl}我好像知道怎麼打開了！
QUEST_LV_0400_20161118_000781	打開了箱子！
QUEST_LV_0400_20161118_000782	{nl}打開看了一下…有石版耶。
QUEST_LV_0400_20161118_000783	{nl}我來讀讀看。{nl}嗯…
QUEST_LV_0400_20161118_000784	{nl}把握現在謁見王的時間，{nl}王看向最後一道光時，守門人就會露出真面目。
QUEST_LV_0400_20161118_000785	{nl}啊...看來這又是另一道謎題呢。{nl}看來我們最好先一同前往石板上所記錄的拉伊卡斯交叉路吧。
QUEST_LV_0400_20161118_000786	石板上應該還有其他東西的呢...{nl}看來得在王室的紋章上抹上王族的血才行了。
QUEST_LV_0400_20161118_000787	{nl}原來這就是為什麼得由王室的血脈來找尋王陵入口的原因了。
QUEST_LV_0400_20161118_000788	{nl}不過已經流傳幾百年的紋章似乎不太完整呢。{nl}應該是在啟示者您尋找具有魔法的樹木的時候把魔力都耗盡了呢。
QUEST_LV_0400_20161118_000789	{nl}得找出怎麼補充魔力的方法了。
QUEST_LV_0400_20161118_000790	已經發現守門者了，現在只剩下王陵的入口了。{nl}請您再幫幫我吧。
QUEST_LV_0400_20161118_000791	沒想到幾百年前已經可以做出如此複雜的封印了，真是太偉大了。
QUEST_LV_0400_20161118_000792	託啟示者您的福完成了拉明大將軍所交代的任務。{nl}謝謝您。
QUEST_LV_0400_20161118_000793	為了避免王陵再度落入不相關的人手上，必須再次封印住才行呢。
QUEST_LV_0400_20161118_000794	可是不知道該怎麼補充魔力才好呢。{nl}啟示者有什麼好主意嗎？
QUEST_LV_0400_20161118_000795	那個方法可行嗎？{nl}看您好像試過很多次的樣子呢。
QUEST_LV_0400_20161118_000796	{nl}那麼就照您說的，把庫凱利族的靈魂灌注在紋章上吧。{nl}就拜託您了。
QUEST_LV_0400_20161118_000797	請消滅庫凱利族後把靈魂裝進紋章裡吧。
QUEST_LV_0400_20161118_000798	但是不能就這樣進去王陵裡。{nl}得先報告大將軍，讓他正式組建一個調查隊過來才行呢。
QUEST_LV_0400_20161118_000799	{nl}但也不能就這樣放著入口不管...{nl}反正我們已經知道正確的位置了，得把入口再次封印起來才行。
QUEST_LV_0400_20161118_000800	{nl}啟示者您能再幫幫我嗎？
QUEST_LV_0400_20161118_000801	王家的紋章無法將入口再次關上。{nl}也很怕它會碎掉...
QUEST_LV_0400_20161118_000802	{nl}需要一個可以代替紋章並具有魔法物品呢。
QUEST_LV_0400_20161118_000803	{nl}這附近的庫凱利努瑪尼帶著的法杖上，掛著咒術用的鈴鐺。{nl}鈴鐺上一定留有咒術的氣息。
QUEST_LV_0400_20161118_000804	{nl}如果啟示者您能把那法杖蒐集過來的話，我就可以找出關上入口的方法了。
QUEST_LV_0400_20161118_000805	把附近的庫凱利努瑪尼消滅後，把留有咒術的氣息的鈴鐺蒐集來給我吧。
QUEST_LV_0400_20161118_000806	辛苦了。{nl}雖然不知道順不順利..
QUEST_LV_0400_20161118_000807	{nl}希望蒐集過來的法杖上的魔力還夠堪用啊...
QUEST_LV_0400_20161118_000808	成功了。{nl}王陵的入口再次消失了。
QUEST_LV_0400_20161118_000809	{nl}沒想到這個方法會成功呢。{nl}總算可以放心地回去了。
QUEST_LV_0400_20161118_000810	入口已經再次被封印住了。{nl}但是庫凱利族裡一定有人知道入口的位置的。
QUEST_LV_0400_20161118_000811	{nl}雖然不太可能，但要是傳到魔族耳裡可就不好了。{nl}請幫我消滅牠們吧。
QUEST_LV_0400_20161118_000812	一定還有曾經追隨巴爾泰力斯的庫凱利殘黨。{nl}請幫我先消滅牠們吧。
QUEST_LV_0400_20161118_000813	受到巴爾泰力斯命令所出發的人好像已經掌握了一些線索。{nl}請您再幫我一次吧。請幫我連庫凱利族也一起消滅吧。
QUEST_LV_0400_20161118_000814	絕對不能讓其他魔族掌握到這些情報。{nl}請幫我堵住庫凱利族的嘴吧。
QUEST_LV_0400_20161118_000815	辛苦您了。{nl}但還有曾經追隨過巴爾泰力斯的庫凱利殘黨。
QUEST_LV_0400_20161118_000816	雖然是件令人難過的事，但誰叫牠們曾做過魔族的手下呢。{nl}就以此來好好結束這一切吧。
QUEST_LV_0400_20161118_000817	{nl}那麼這地方的庫凱利族也不敢再輕舉妄動了。
QUEST_LV_0400_20161118_000818	{nl}沒想到到最後還是欠了啟示者一個大人情呢。{nl}如果以後有事想求見拉明大將軍的話，就來找我吧。
QUEST_LV_0400_20161118_000819	調查隊長 艾爾拉
QUEST_LV_0400_20161118_000820	不對，這地方怎麼會有旅行者呢...？{nl}不知道您是為何而來，這裡可是很危險的地區呢。趕快離開吧。
QUEST_LV_0400_20161118_000821	讓我的部下們承受那些苦頭有意義嗎...？{nl}還有更多重要的事呢...雖是服從上頭的指示，但好像不太尋常呢。
QUEST_LV_0400_20161118_000822	既然已經來這裡了，也只能盡快完成回收紀錄物品的任務了。{nl}無論如何請幫助我們吧。
QUEST_LV_0400_20161118_000823	實在是不懂為什麼哥布林們想要這些羊皮紙呢。
QUEST_LV_0400_20161118_000824	沒想到那些怪物會威脅哥布林們呢。{nl}不過託旅行者您的福，事情能完整落幕真是太好了。
QUEST_LV_0400_20161118_000825	任務好像快要完成了呢。{nl}等從遠方的士兵們回來之後，就可以馬上準備撤退了。
QUEST_LV_0400_20161118_000826	調查員 凱斯柏
QUEST_LV_0400_20161118_000827	噓...！叫你安靜...{nl}要是被哥布林發現的話怎麼辦？
QUEST_LV_0400_20161118_000828	真是欠了你大人情呢...{nl}還能期待這些空有塊頭的傢伙們來回收紀錄物品嗎，你說是不是?
QUEST_LV_0400_20161118_000829	託你的福，保全了隊長的面子。{nl}謝啦。
QUEST_LV_0400_20161118_000830	現在該怎麼帶著這些書逃跑是個問題呢。
QUEST_LV_0400_20161118_000831	調查員 戶萊以修
QUEST_LV_0400_20161118_000832	在那屋頂之下一定有很多沉睡中的書籍...{nl}不調查那個地方的話，那我們在這做的所有事情都變得沒有意義了。
QUEST_LV_0400_20161118_000833	您待在這裡沒關係嗎？{nl}那些綠色哥布林很危險呢。請千萬要小心啊。
QUEST_LV_0400_20161118_000834	有旅行者在，我才能進到建築物裡進行調查。{nl}真的很謝謝您。
QUEST_LV_0400_20161118_000835	真是意外那些綠色哥布林好像不能夠進到建築物內部呢。{nl}所以我才能夠進行調查。
QUEST_LV_0400_20161118_000836	達莉雅...得守護她才行...{nl}我的身體一點都不聽話...
QUEST_LV_0400_20161118_000837	在我拋棄自己的肉體之前{nl}我會繼續在這充滿詛咒的右臂刻印上灌注吉特涅的邪惡魔力的。{nl}
QUEST_LV_0400_20161118_000838	就算這次成功阻擋傑斯堤，很快又會被混沌的力量給包圍的。{nl}屆時又會有其他魔王...不...下次說不定吉特涅就會盯上我了。{nl}
QUEST_LV_0400_20161118_000839	又來到這裡了，這是不能讓奎波爾為了守護我而身陷危機所下的決定。{nl}請千萬別為我傷心...
QUEST_LV_0400_20161118_000840	達莉雅女神也會感激救援者的。
QUEST_LV_0400_20161118_000841	不行…達莉雅女神…達莉雅神…！！
QUEST_LV_0400_20161118_000842	阿爾蘭必的故事(1)
QUEST_LV_0400_20161118_000843	我會幫忙，所以告訴我事情的始末吧
QUEST_LV_0400_20161118_000844	為什麼進不去
QUEST_LV_0400_20161118_000845	詢問為什麼組成傭兵團
QUEST_LV_0400_20161118_000846	阿爾蘭必的故事(2)
QUEST_LV_0400_20161118_000847	我會幫忙，所以你冷靜一點
QUEST_LV_0400_20161118_000848	不能再和黑蘭達繼續說下去了。{nl}前往燕高亞鐘乳帶地區找尋其他人吧。
QUEST_LV_0400_20161118_000849	阿爾蘭必的故事(3)
QUEST_LV_0400_20161118_000850	從海藍達那聽說了
QUEST_LV_0400_20161118_000851	阿爾蘭必的故事(4)
QUEST_LV_0400_20161118_000852	傭兵黑蘭塔消失了{nl}請在附近找尋她的蹤跡吧。
QUEST_LV_0400_20161118_000853	阿爾蘭必的故事(5)
QUEST_LV_0400_20161118_000854	分散的話不好
QUEST_LV_0400_20161118_000855	阿爾蘭必的故事(6)
QUEST_LV_0400_20161118_000856	我會去找，所以你要撐下去
QUEST_LV_0400_20161118_000857	會有其他方法的
QUEST_LV_0400_20161118_000858	團長基高消失了{nl}向聖水祭司賽貝卡報告這件事吧。
QUEST_LV_0400_20161118_000859	阿爾蘭必的故事(7)
QUEST_LV_0400_20161118_000860	我會去找來埃德林
QUEST_LV_0400_20161118_000861	阿爾蘭必的故事(8)
QUEST_LV_0400_20161118_000862	你冷靜一點
QUEST_LV_0400_20161118_000863	聖水祭司賽貝卡說要去找凱都拉商團團員阿塔後消失了{nl}在發生騷動之前，去找阿塔吧。
QUEST_LV_0400_20161118_000864	傳說的真相
QUEST_LV_0400_20161118_000865	需要免罪符！
QUEST_LV_0400_20161118_000866	性命的價值
QUEST_LV_0400_20161118_000867	我去確認
QUEST_LV_0400_20161118_000868	說沒有用
QUEST_LV_0400_20161118_000869	腳得先動起來
QUEST_LV_0400_20161118_000870	好好躲起來的話會沒事的
QUEST_LV_0400_20161118_000871	取出藥草中
QUEST_LV_0400_20161118_000872	那個不知名的獵人實在是太可疑了{nl}去尋找他並問清他的真實意圖吧。
QUEST_LV_0400_20161118_000873	接二連三的陷阱(1)
QUEST_LV_0400_20161118_000874	接二連三的陷阱(2)
QUEST_LV_0400_20161118_000875	在毒面前沒有所謂壯士
QUEST_LV_0400_20161118_000876	究竟能幫助我嗎
QUEST_LV_0400_20161118_000877	無論是什麼試驗都沒有問題
QUEST_LV_0400_20161118_000878	我不想和複雜的事糾纏
QUEST_LV_0400_20161118_000879	詢問怪獸的真面目
QUEST_LV_0400_20161118_000880	表明自己是啟示者
QUEST_LV_0400_20161118_000881	繁複的準備過程(1)
QUEST_LV_0400_20161118_000882	是什麼樣的材料
QUEST_LV_0400_20161118_000883	繁複的準備過程(2)
QUEST_LV_0400_20161118_000884	直接去準備看起來也沒什麼問題
QUEST_LV_0400_20161118_000885	繁複的準備過程(3)
QUEST_LV_0400_20161118_000886	把怪獸趕往陷阱(1)
QUEST_LV_0400_20161118_000887	把怪獸趕往陷阱(2)
QUEST_LV_0400_20161118_000888	與怪獸的最後決戰(1)
QUEST_LV_0400_20161118_000889	與怪獸的最後決戰(2)
QUEST_LV_0400_20161118_000890	難民用餐準備
QUEST_LV_0400_20161118_000891	我會去收集來給你
QUEST_LV_0400_20161118_000892	若太忙就拒絕吧
QUEST_LV_0400_20161118_000893	自己的身體要顧好
QUEST_LV_0400_20161118_000894	若變得太危急就逃吧
QUEST_LV_0400_20161118_000895	協商家
QUEST_LV_0400_20161118_000896	我會試試看
QUEST_LV_0400_20161118_000897	我沒有自信說服他
QUEST_LV_0400_20161118_000898	說服里烏達斯領主(1)
QUEST_LV_0400_20161118_000899	建議與優庫巴斯領主談談看
QUEST_LV_0400_20161118_000900	若覺得抱歉就退開
QUEST_LV_0400_20161118_000901	兩位領主為何會在這爭吵
QUEST_LV_0400_20161118_000902	說服里烏達斯領主(2)
QUEST_LV_0400_20161118_000903	那麼我會交給領主的部下
QUEST_LV_0400_20161118_000904	說服里烏達斯領主(3)
QUEST_LV_0400_20161118_000905	我很願意去幫你找
QUEST_LV_0400_20161118_000906	那種事就叫部下做吧
QUEST_LV_0400_20161118_000907	說服優庫巴斯領主(1)
QUEST_LV_0400_20161118_000908	等一等聽我說吧
QUEST_LV_0400_20161118_000909	什麼都不說地離開
QUEST_LV_0400_20161118_000910	說服優庫巴斯領主(2)
QUEST_LV_0400_20161118_000911	我會去除掉怪物
QUEST_LV_0400_20161118_000912	條件講清楚之前是不會答應的
QUEST_LV_0400_20161118_000913	說服優庫巴斯領主(3)
QUEST_LV_0400_20161118_000914	詢問要找甚麼東西
QUEST_LV_0400_20161118_000915	在那之前先好好談談吧
QUEST_LV_0400_20161118_000916	說服優庫巴斯領主(4)
QUEST_LV_0400_20161118_000917	知道了那麼就出發吧
QUEST_LV_0400_20161118_000918	這樣就夠了接著進行協議吧
QUEST_LV_0400_20161118_000919	油與水
QUEST_LV_0400_20161118_000920	不是個好對付的對手
QUEST_LV_0400_20161118_000921	依照啟示者的建議
QUEST_LV_0400_20161118_000922	和優庫巴斯領主提出重劃新的國界的建議。
QUEST_LV_0400_20161118_000923	考慮看看其他方法
QUEST_LV_0400_20161118_000924	庫凱利禁區
QUEST_LV_0400_20161118_000925	很抱歉我很忙沒時間理你
QUEST_LV_0400_20161118_000926	沒錯
QUEST_LV_0400_20161118_000927	為了大義
QUEST_LV_0400_20161118_000928	害怕為了偉大事業犧牲自我
QUEST_LV_0400_20161118_000929	關於拉明將軍的命令
QUEST_LV_0400_20161118_000930	魔族的命令書
QUEST_LV_0400_20161118_000931	發現了魔族指令書{nl}如果是印德拉雅的話，說不定可以解讀呢。
QUEST_LV_0400_20161118_000932	推算敵人的陰謀
QUEST_LV_0400_20161118_000933	爽快答應要收集
QUEST_LV_0400_20161118_000934	收集再多也無法找到解答的
QUEST_LV_0400_20161118_000935	不是魔族的對手
QUEST_LV_0400_20161118_000936	王家樹林
QUEST_LV_0400_20161118_000937	這件事也太不明不白了
QUEST_LV_0400_20161118_000938	王與時間之縫
QUEST_LV_0400_20161118_000939	一起出發吧
QUEST_LV_0400_20161118_000940	坦尼爾時2世的王稜
QUEST_LV_0400_20161118_000941	血的證明
QUEST_LV_0400_20161118_000942	用庫凱利的靈魂填補紋章吧
QUEST_LV_0400_20161118_000943	自己也沒有適合的辦法
QUEST_LV_0400_20161118_000944	取出魔石中
QUEST_LV_0400_20161118_000945	再藏起來
QUEST_LV_0400_20161118_000946	詢問可以幫忙甚麼
QUEST_LV_0400_20161118_000947	找到入口了我的任務就到此為止囉
QUEST_LV_0400_20161118_000948	他們無法自己完成的
QUEST_LV_0400_20161118_000949	要消滅牠們
QUEST_LV_0400_20161118_000950	再封印完成了可以收工啦
QUEST_LV_0400_20161118_000951	傳說的證據(1)
QUEST_LV_0400_20161118_000952	會幫助你請告訴我你要找的東西
QUEST_LV_0400_20161118_000953	自己慢慢找吧
QUEST_LV_0400_20161118_000954	傳說的證據(2)
QUEST_LV_0400_20161118_000955	會幫你尋找造箭者之箭
QUEST_LV_0400_20161118_000956	希望能找到要找的東西啊
QUEST_LV_0400_20161118_000957	傳說的證據(3)
QUEST_LV_0400_20161118_000958	會幫忙找到比爾卡斯的毛
QUEST_LV_0400_20161118_000959	小心仔細找啊
QUEST_LV_0400_20161118_000960	傳說的證據(4)
QUEST_LV_0400_20161118_000961	一起去尋找吧
QUEST_LV_0400_20161118_000962	自己會去找
QUEST_LV_0400_20161118_000963	傳說的證據(5)
QUEST_LV_0400_20161118_000964	到傑諾納斯那裡去
QUEST_LV_0400_20161118_000965	以後再去啦
QUEST_LV_0400_20161118_000966	傳說的證據(6)
QUEST_LV_0400_20161118_000967	跟隨傑諾納斯
QUEST_LV_0400_20161118_000968	放著不管
QUEST_LV_0400_20161118_000969	傳說的證據(7)
QUEST_LV_0400_20161118_000970	我去造箭者大師那裡看看吧
QUEST_LV_0400_20161118_000971	派遣其他人過去
QUEST_LV_0400_20161118_000972	訴說有關梅的事情
QUEST_LV_0400_20161118_000973	當梅坎吐露出隱情後，就處置他，並且把造箭者之箭帶來
QUEST_LV_0400_20161118_000974	正把事情告訴造箭者大師
QUEST_LV_0400_20161118_000975	傳說的證據(8)
QUEST_LV_0400_20161118_000976	去尋找魔族的魔力
QUEST_LV_0400_20161118_000977	使喚你的徒弟就好啦
QUEST_LV_0400_20161118_000978	傳說的證據(9)
QUEST_LV_0400_20161118_000979	要去尋找比爾卡斯的精髓
QUEST_LV_0400_20161118_000980	傳說的證據(10)
QUEST_LV_0400_20161118_000981	願意幫你找啦
QUEST_LV_0400_20161118_000982	仔細找啊！
QUEST_LV_0400_20161118_000983	傳說的證據(12)
QUEST_LV_0400_20161118_000984	去轉交造箭者大師
QUEST_LV_0400_20161118_000985	正再取出造箭者之箭
QUEST_LV_0400_20161118_000986	梅伊班的遺願(1)
QUEST_LV_0400_20161118_000987	梅伊班的遺願(2)
QUEST_LV_0400_20161118_000988	梅伊班的遺願(3)
QUEST_LV_0400_20161118_000989	要去找紀念碑
QUEST_LV_0400_20161118_000990	以後再幫你啦
QUEST_LV_0400_20161118_000991	梅伊班的遺願(5)
QUEST_LV_0400_20161118_000992	要跟林塔斯一起尋找紀念碑
QUEST_LV_0400_20161118_000993	一個人去尋找
QUEST_LV_0400_20161118_000994	梅伊班的遺願(6)
QUEST_LV_0400_20161118_000995	要取尋找美泰爾藥草
QUEST_LV_0400_20161118_000996	這不是我該做的事情
QUEST_LV_0400_20161118_000997	正在轉交美泰爾藥草
QUEST_LV_0400_20161118_000998	梅伊班的遺願(7)
QUEST_LV_0400_20161118_000999	正在燃燒蕨葉
QUEST_LV_0400_20161118_001000	梅伊班的遺願(8)
QUEST_LV_0400_20161118_001001	要再去找找看
QUEST_LV_0400_20161118_001002	等等再出發吧
QUEST_LV_0400_20161118_001003	梅伊班的遺願(9)
QUEST_LV_0400_20161118_001004	那麼詢問該怎麼辦吧
QUEST_LV_0400_20161118_001005	除草作業(1)
QUEST_LV_0400_20161118_001006	要去取得比爾卡斯的唾液腺
QUEST_LV_0400_20161118_001007	除草作業(2)
QUEST_LV_0400_20161118_001008	要去尋找祭司布魯納斯
QUEST_LV_0400_20161118_001009	再等一下就會來了吧
QUEST_LV_0400_20161118_001010	梅伊班的遺願(4)
QUEST_LV_0400_20161118_001011	跟在後面
QUEST_LV_0400_20161118_001012	自己想辦法去找好嗎
QUEST_LV_0400_20161118_001013	未來的計畫
QUEST_LV_0400_20161118_001014	詢問未來的計畫
QUEST_LV_0400_20161118_001015	除草作業(3)
QUEST_LV_0400_20161118_001016	等著瞧吧
QUEST_LV_0400_20161118_001017	傳說的證據(11)
QUEST_LV_0400_20161118_001018	正在回收造箭者之箭
QUEST_LV_0400_20161118_001019	消失的孩子
QUEST_LV_0400_20161118_001020	會幫助你但是不知道你考慮的點是甚麼
QUEST_LV_0400_20161118_001021	去向其他人請求幫助
QUEST_LV_0400_20161118_001022	修理帳棚所需要的東西
QUEST_LV_0400_20161118_001023	我會幫助你的，但是請告訴我要怎麼找到縫補帳篷的線。
QUEST_LV_0400_20161118_001024	向旁邊的人請求協助
QUEST_LV_0400_20161118_001025	感謝的話以後再說，先告訴我該怎麼找到線。
QUEST_LV_0400_20161118_001026	米雪勘森林的難民們(1)
QUEST_LV_0400_20161118_001027	問問看有沒有要幫忙的事情
QUEST_LV_0400_20161118_001028	自己看著辦好嗎
QUEST_LV_0400_20161118_001029	米雪勘森林的難民們(2)
QUEST_LV_0400_20161118_001030	有其他方法能取得修理柵欄用的木材嗎？
QUEST_LV_0400_20161118_001031	現在該自己想辦法解決了吧
QUEST_LV_0400_20161118_001032	米雪勘森林的難民們(3)
QUEST_LV_0400_20161118_001033	會幫助修理柵欄
QUEST_LV_0400_20161118_001034	那就好好幹吧
QUEST_LV_0400_20161118_001035	米雪勘森林的難民們(4)
QUEST_LV_0400_20161118_001036	說有急事
QUEST_LV_0400_20161118_001037	米雪勘森林的難民們(5)
QUEST_LV_0400_20161118_001038	問問看要去哪裡取得蘭朵林草
QUEST_LV_0400_20161118_001039	明白了
QUEST_LV_0400_20161118_001040	米雪勘森林的難民們(6)
QUEST_LV_0400_20161118_001041	要去把布袋找回來
QUEST_LV_0400_20161118_001042	米雪勘森林的難民們(7)
QUEST_LV_0400_20161118_001043	決心要消滅怪物開闢農耕地
QUEST_LV_0400_20161118_001044	決定要開闢新農耕地
QUEST_LV_0400_20161118_001045	被遺忘的難民們
QUEST_LV_0400_20161118_001046	要去要求支援
QUEST_LV_0400_20161118_001047	傳達米雪勘森林的狀況
QUEST_LV_0400_20161118_001048	正在說明已經轉達給柯拉佩達的烏斯卡知道了
QUEST_LV_0400_20161118_001049	阿爾蘭必的事情
QUEST_LV_0400_20161118_001050	和凱都拉商團成員愛爾塔對話
QUEST_LV_0400_20161118_001051	凱都拉商團團員阿塔正在等著某人的幫助
QUEST_LV_0400_20161118_001052	尋找基高傭兵團
QUEST_LV_0400_20161118_001053	凱都拉商團團員阿塔請求尋找在阿爾蘭必洞窟內部的基高傭兵團員
QUEST_LV_0400_20161118_001054	和傭兵海藍達對話
QUEST_LV_0400_20161118_001055	去跟看起來很不安的傭兵海藍達對話吧！
QUEST_LV_0400_20161118_001056	聽說傭兵黑蘭塔正被怪物們追趕。不管怎麼找都看不到追趕黑蘭塔的怪物，為了讓黑蘭塔能夠放心，請消滅怪物們吧
QUEST_LV_0400_20161118_001057	已經把附近的怪物們都完全消滅了。請回去讓傭兵黑蘭塔安心。
QUEST_LV_0400_20161118_001058	消滅附近的怪物
QUEST_LV_0400_20161118_001059	去見聖水祭司 謝爾貝卡
QUEST_LV_0400_20161118_001060	前往傭兵黑蘭塔告訴你的地方，找祭司賽貝卡吧。
QUEST_LV_0400_20161118_001061	回到傭兵海藍達那裡去
QUEST_LV_0400_20161118_001062	聖水祭司賽貝卡說絕不能讓傭兵黑蘭塔獨自一人。請回去帶黑蘭塔過來。
QUEST_LV_0400_20161118_001063	尋找傭兵海藍達的下落
QUEST_LV_0400_20161118_001064	收到聖水祭司賽貝卡的要求，要把黑蘭塔帶走，但她卻神不知鬼不覺的消失了。請在附近尋找黑蘭塔的蹤跡吧
QUEST_LV_0400_20161118_001065	和聖水祭司謝爾貝卡對話
QUEST_LV_0400_20161118_001066	雖然找不到傭兵黑蘭塔，但找到幾個她的痕跡了。請回去找聖水祭司賽貝卡。
QUEST_LV_0400_20161118_001067	阿爾蘭必洞窟的聖水祭司賽貝卡正在等待你的援助。
QUEST_LV_0400_20161118_001068	消滅洞穴毒妖花
QUEST_LV_0400_20161118_001069	聖水祭司賽貝卡從黑蘭塔寫在紙條上的未知的生物身上研發出了生存下去的方法。為了大家的安全，請消滅洞穴毒妖花
QUEST_LV_0400_20161118_001070	依聖水祭司賽貝卡的提議，已經消滅洞穴毒妖花。回去找賽貝卡吧。
QUEST_LV_0400_20161118_001071	尋找團長一行人
QUEST_LV_0400_20161118_001072	聖水祭司賽貝卡已經從黑蘭塔的紙條上得知了傭兵團長基高一行人的位置了。前往賽貝卡告訴你的地方吧。
QUEST_LV_0400_20161118_001073	與團長基高對話
QUEST_LV_0400_20161118_001074	在鬼門關前徘徊的團長基高正在等待你的幫助
QUEST_LV_0400_20161118_001075	回收傭兵團解毒劑
QUEST_LV_0400_20161118_001076	團長基高被自己的尖角皮德蟲攻擊無法移動。基高在戰鬥時弄丟了解毒劑，請求您向附近的怪物身上找回解毒劑。
QUEST_LV_0400_20161118_001077	回到團長基高那裡
QUEST_LV_0400_20161118_001078	已經回收了團長基高所拜託的傭兵團解毒劑。回去找基高吧。
QUEST_LV_0400_20161118_001079	從怪物身上回收 %s
QUEST_LV_0400_20161118_001080	回到聖水祭司 謝爾貝卡那裡
QUEST_LV_0400_20161118_001081	團長基高消失了。請告訴聖水祭司賽貝卡這件事。
QUEST_LV_0400_20161118_001082	尋找埃德林的下落
QUEST_LV_0400_20161118_001083	聖水祭司賽貝卡懇求你前往團長基高所告知的地方，把艾德林找回來。
QUEST_LV_0400_20161118_001084	消滅尖角皮德蟲了。並且在尖角皮德蟲身上發現屬於艾德林的項鍊。回去找聖水祭司賽貝卡吧。
QUEST_LV_0400_20161118_001085	去跟聖水祭司謝爾貝卡對話吧！
QUEST_LV_0400_20161118_001086	去見凱都拉 商團成員 愛爾塔
QUEST_LV_0400_20161118_001087	聖水祭司賽貝卡無法接納戀人的死訊。賽貝卡有話要跟凱都拉商團團員阿塔說
QUEST_LV_0400_20161118_001088	阿爾蘭必洞窟的凱都拉商團團員阿塔正在等待你的幫助
QUEST_LV_0400_20161118_001089	尋找阿爾蘭必 洞窟的紀錄
QUEST_LV_0400_20161118_001090	凱都拉商團團員阿塔為了不再有任何犧牲者被發現，請求一起仔細調查在阿爾蘭必洞窟裡發生的悲劇。調查阿爾蘭必洞窟，並找出可作為紀錄的東西吧。
QUEST_LV_0400_20161118_001091	找到了許多有關阿爾蘭必洞窟的情報了。告訴凱都拉商團團員阿塔吧。
QUEST_LV_0400_20161118_001092	收集鐘乳石塊 
QUEST_LV_0400_20161118_001093	凱都拉商團團員阿塔從阿爾蘭必洞窟怪物那得到的鐘乳石塊將會成為解開這地區秘密的重要資料。請消滅阿爾蘭必洞窟的怪物，並蒐集鐘乳石塊
QUEST_LV_0400_20161118_001094	已經消滅怪物們並且蒐集了鐘乳石塊。請回去找凱都拉商團團員阿塔。
QUEST_LV_0400_20161118_001095	消滅阿爾蘭必洞窟的怪物獲得 %s 
QUEST_LV_0400_20161118_001096	清除猜謎的魔族裝置
QUEST_LV_0400_20161118_001097	凱都拉商團團員阿塔請求清除遍佈在阿爾蘭必洞窟內被認為是魔法媒介體的謎樣的機器裝置
QUEST_LV_0400_20161118_001098	依照凱都拉商團團員阿塔的要求清除了謎樣的機器裝置。請回去找阿塔。
QUEST_LV_0400_20161118_001099	與難民布蘭登對話
QUEST_LV_0400_20161118_001100	布蘭登因為受傷處於無法移動的狀態。請問問該怎麼幫助他才好。
QUEST_LV_0400_20161118_001101	到圖拉斯空地去收集白尾草
QUEST_LV_0400_20161118_001102	看來布蘭登的腿因為掉進陷阱裡受傷了。為了緩解他的疼痛，請到旁邊的圖拉斯空地蒐集具有止痛效果的白尾草給我吧。
QUEST_LV_0400_20161118_001103	已經蒐集足夠的白尾草了。請交給布蘭登。
QUEST_LV_0400_20161118_001104	從附近收集 %s
QUEST_LV_0400_20161118_001105	連續陷阱
QUEST_LV_0400_20161118_001106	消滅被陷阱困住的怪物
QUEST_LV_0400_20161118_001107	掉進陷阱裡了。一起掉進陷阱裡的怪物變得更殘暴並且正在發動攻擊，請消滅牠們吧。
QUEST_LV_0400_20161118_001108	消滅變得殘暴的怪物
QUEST_LV_0400_20161118_001109	從陷阱逃出
QUEST_LV_0400_20161118_001110	雖然把怪獸們都消滅了，但還是被困在陷阱裡。請等待不知名的獵人拆除陷阱。
QUEST_LV_0400_20161118_001111	追蹤謎樣的獵人
QUEST_LV_0400_20161118_001112	根據難民布蘭登所說的話，不知名的獵人不知道在這裡策畫什麼陰謀呢。去尋找他並問清他的真實意圖吧。
QUEST_LV_0400_20161118_001113	跟蹤謎樣的獵人
QUEST_LV_0400_20161118_001114	在不知名的獵人那裏得到了治療。他否認關於自己的傳聞，他說如果想要確認的話就跟隨著他吧。跟隨著他前往他的隱身處吧。
QUEST_LV_0400_20161118_001115	與謎樣的獵人對話
QUEST_LV_0400_20161118_001116	跟隨著不知名的獵人，成功抵達他的隱身處。現在聽聽他怎麼說這些事情的來龍去脈吧。
QUEST_LV_0400_20161118_001117	和比爾黑爾馬斯對話
QUEST_LV_0400_20161118_001118	比爾黑爾馬斯看來需要有人幫忙對抗怪獸。請與他對話。
QUEST_LV_0400_20161118_001119	消滅比爾黑爾馬斯指定的怪物
QUEST_LV_0400_20161118_001120	比爾黑爾馬斯不希望有不必要的犧牲，要求測試實力。請依照他的指示消滅周圍的庫凱利，讓他看看你的能力吧。
QUEST_LV_0400_20161118_001121	已經完成比爾黑爾馬斯所要求的試驗。請回去向他報告。
QUEST_LV_0400_20161118_001122	消滅附近的庫凱利
QUEST_LV_0400_20161118_001123	繁複的準備過程
QUEST_LV_0400_20161118_001124	比爾黑爾馬斯好像正在尋找可以對抗怪獸的好方法。請向他詢問該怎麼幫他。
QUEST_LV_0400_20161118_001125	從庫凱利托特身上收集被刺激的毒袋子
QUEST_LV_0400_20161118_001126	比爾黑爾馬斯想要準備可以給怪物致命一擊的毒箭。請蒐集他所要求的受到刺激的毒囊。{nl}向庫凱利托特噴灑刺激劑之後消滅牠們之後就可以得到受到刺激的毒囊了。
QUEST_LV_0400_20161118_001127	已經蒐集到足夠的毒囊。請交給比爾黑爾馬斯。
QUEST_LV_0400_20161118_001128	比爾黑爾馬斯想要使用的毒藥還需要另一樣材料。請詢問他還需要蒐集什麼材料。
QUEST_LV_0400_20161118_001129	從比爾黑爾馬斯身上引誘出黃色烏頭花
QUEST_LV_0400_20161118_001130	比爾黑爾馬斯需要黃色的頭盔花，但必須由自己來收集才行。請帶領他到附近有黃色頭盔花的沙爾瑪斯瀑布。
QUEST_LV_0400_20161118_001131	似乎已收集到所有毒藥的材料。請回去比爾黑爾馬斯的隱身處與他對話。
QUEST_LV_0400_20161118_001132	製作毒藥的材料都已經收集到了，但要製作陷阱好像還缺少東西。請詢問比爾黑爾馬斯還需要什麼東西。
QUEST_LV_0400_20161118_001133	從庫凱利蘇米身上收集麻醉藥
QUEST_LV_0400_20161118_001134	還需要放進麻痺陷阱裡的麻痺藥。把庫凱利蘇米消滅後，收集牠們帶著的麻痺藥。
QUEST_LV_0400_20161118_001135	已經收集足夠的麻痺藥了請交給比爾黑爾馬斯，好讓他製作陷阱。
QUEST_LV_0400_20161118_001136	從庫凱利蘇米身上獲得 %s
QUEST_LV_0400_20161118_001137	將怪物趕到陷阱裡
QUEST_LV_0400_20161118_001138	比爾黑爾馬斯好像已經完成了麻痺陷阱。現在問問他該怎麼使用陷阱。
QUEST_LV_0400_20161118_001139	在路口設置陷阱
QUEST_LV_0400_20161118_001140	比爾黑爾馬斯要求把陷阱設置在從特雷達拉伊溪邊前往沙爾瑪斯瀑布的道路上。把三個陷阱都設置好之後，躲在怪獸看不到的地方吧。
QUEST_LV_0400_20161118_001141	等待怪物
QUEST_LV_0400_20161118_001142	已設置好所有的麻痺陷阱。躲起來並等待怪獸掉進陷阱吧。
QUEST_LV_0400_20161118_001143	跟在怪物後面
QUEST_LV_0400_20161118_001144	怪獸避開比爾黑爾馬斯往亞秀弗塔斯高原逃跑了。快跟上追過去的比爾黑爾馬斯，追蹤怪獸吧。
QUEST_LV_0400_20161118_001145	與怪獸的最後決戰
QUEST_LV_0400_20161118_001146	對怪物施加暴撃
QUEST_LV_0400_20161118_001147	陷入困境的怪獸開始發動攻擊了。和比爾黑爾馬斯一起給怪獸致命的一擊吧。
QUEST_LV_0400_20161118_001148	比爾黑爾馬斯好像受傷了。先問問他有沒有怎麼樣吧。
QUEST_LV_0400_20161118_001149	比爾黑爾馬斯好像無法再繼續追趕怪獸了。請先試著與他對話。
QUEST_LV_0400_20161118_001150	消滅怪物
QUEST_LV_0400_20161118_001151	受了致命傷的怪獸好像逃往了巴伊凱丘陵。請前往巴伊凱丘陵，結束這場戰鬥吧。
QUEST_LV_0400_20161118_001152	成功消滅怪獸了。請回去告訴比爾黑爾馬斯這件事。
QUEST_LV_0400_20161118_001153	消滅愛梅特森林的怪物
QUEST_LV_0400_20161118_001154	和難民蜜莉亞對話
QUEST_LV_0400_20161118_001155	對難民米利亞請求援助的地方覺得不太妥當，陷入苦惱當中。問問她問題是什麼吧。
QUEST_LV_0400_20161118_001156	獲得葉豆精的果實豆
QUEST_LV_0400_20161118_001157	米利亞為了因應食糧不足，要求蒐集葉豆精的果實。請捕捉周圍的葉豆精，蒐集果實給她吧。
QUEST_LV_0400_20161118_001158	好像已蒐集難民們需要的果實數量了。請交給米利亞。
QUEST_LV_0400_20161118_001159	消滅黃色 葉豆精收集 %s 
QUEST_LV_0400_20161118_001160	與難民克雷格對話
QUEST_LV_0400_20161118_001161	難民格雷格好像很在意周圍的怪物。請試著與他對話。
QUEST_LV_0400_20161118_001162	收集堅硬木棍
QUEST_LV_0400_20161118_001163	格雷格說很難接受領主們的幫忙，所以想自己找出免於怪獸侵擾的方法。找個堅硬的木棍給他吧。
QUEST_LV_0400_20161118_001164	這樣的武器至少應該能對抗弱小的怪物。請把木棍交給格雷格。
QUEST_LV_0400_20161118_001165	米利亞好像覺得不能再這樣下去。問問她解決這森林狀況的方法吧。
QUEST_LV_0400_20161118_001166	接受兩位領主的協議內容
QUEST_LV_0400_20161118_001167	米利亞好像覺得兩個領主應該好好對話並停止戰鬥，這森林的狀況才會安定。請各說服上方的里烏達斯領主與下方優庫巴斯領主，並取得對話約定吧。
QUEST_LV_0400_20161118_001168	成功說服兩個領主。請將好消息告訴米利亞吧。
QUEST_LV_0400_20161118_001169	說服里烏達斯領主
QUEST_LV_0400_20161118_001170	與領主里烏達斯對話
QUEST_LV_0400_20161118_001171	領主里烏達斯好像不喜歡這裡有陌生人徘徊。請先對他說清楚緣由吧。
QUEST_LV_0400_20161118_001172	挖掘帕里堤斯草的根
QUEST_LV_0400_20161118_001173	里烏達斯答應談話的條件是要求找傳染病的藥給他的部下。請挖附近的匹斯提斯草的根吧。
QUEST_LV_0400_20161118_001174	已挖好里烏達斯要求的根。請把根交給他。
QUEST_LV_0400_20161118_001175	要治癒士兵們的傳染病，好像還是不夠。問問領主里烏達斯還需要再帶什麼來吧。
QUEST_LV_0400_20161118_001176	收集橘色克魯莫的腿
QUEST_LV_0400_20161118_001177	在找來的根汁中加上磨好的克魯莫的腳混合，似乎才能完成傳染病的藥。請捕捉附近的橘色克魯莫，並蒐集它的腳給里烏達斯吧。
QUEST_LV_0400_20161118_001178	已蒐集適量的腳。請趕快交給里烏達斯。
QUEST_LV_0400_20161118_001179	消滅橘色克魯莫收集 %s 
QUEST_LV_0400_20161118_001180	領主里烏達斯最後好像想拜託私人事情。先聽完他的請求，再取得對話約定吧。
QUEST_LV_0400_20161118_001181	在受雙傷的樹木下挖掘玩具箱子
QUEST_LV_0400_20161118_001182	里烏達斯想找回小時候的玩具箱子。他說找到有傷痕的樹，但這裡的樹都長滿了苔癬，得先將苔癬融化。請蒐集紅色曼陀花的體液，融化亞特敏堤斯空地上的樹木，確認傷痕後，找出下面的玩具箱子交給里烏達斯吧。
QUEST_LV_0400_20161118_001183	找到充滿里烏達斯兒時回憶的箱子。請趕快交給他，並取得對話約定。
QUEST_LV_0400_20161118_001184	在受雙傷的樹木下挖掘 %s 
QUEST_LV_0400_20161118_001185	說服優庫巴斯領主
QUEST_LV_0400_20161118_001186	和領主優庫巴斯對話
QUEST_LV_0400_20161118_001187	依據難民們的請求，請先和優庫巴斯領主攀談一下。
QUEST_LV_0400_20161118_001188	和羅貝勒塔對話
QUEST_LV_0400_20161118_001189	心腹羅貝勒塔說要代替生氣的優庫巴斯領主聆聽。請試著與她對話。
QUEST_LV_0400_20161118_001190	所有要向優庫巴斯領主講的事，好像都得透過羅貝勒塔。請先聽完她的要求吧。
QUEST_LV_0400_20161118_001191	消滅紅色曼陀花獸
QUEST_LV_0400_20161118_001192	羅貝勒塔要求若向領主傳達緣由，得先幫忙除掉附近的曼陀花。請除掉周圍地區的紅色曼陀花吧。
QUEST_LV_0400_20161118_001193	成功擊退羅貝勒塔要求的怪物數量。現在對她說清楚緣由吧。
QUEST_LV_0400_20161118_001194	依照羅貝勒塔的請託消滅 %s 
QUEST_LV_0400_20161118_001195	羅貝勒塔與其說在對話，不如說是一味對難民們強調這裡是優庫巴斯家門的土地。先聽完她的需求吧。
QUEST_LV_0400_20161118_001196	到阿克梅尼斯湖邊的廢墟尋找盾牌
QUEST_LV_0400_20161118_001197	羅貝勒塔說阿克梅尼斯湖邊的廢墟過去是優庫巴斯家門的傭人居所。請在那裡尋找畫著優庫巴斯紋章的證據吧。
QUEST_LV_0400_20161118_001198	發現優庫巴斯家門的盾牌。現在請把盾牌交給羅貝勒塔。
QUEST_LV_0400_20161118_001199	光憑盾牌，好像很難說服難民們。問問羅貝勒塔還需要什麼吧。
QUEST_LV_0400_20161118_001200	跟羅貝勒塔一起確認紀念碑
QUEST_LV_0400_20161118_001201	羅貝勒塔覺得過去優庫巴斯家門四處立下的紀念碑會是大證據。與她一起確認帕奇突西小路、斯卡爾達石子路、拉伊普達伊絕壁上的紀念碑狀態吧。
QUEST_LV_0400_20161118_001202	已確認所有的紀念碑。現在向羅貝勒塔取得優庫巴斯領主與里烏達斯領主之間的對話約定吧。
QUEST_LV_0400_20161118_001203	兩個領主間的對話好像開始了，但氣氛似乎不怎麼好。問問難民米利亞詳細的內容吧。
QUEST_LV_0400_20161118_001204	前往兩位領主間的會面場所
QUEST_LV_0400_20161118_001205	米利亞說兩個領主在中央地區開始對話，但氣氛看起來很糟。去兩個領主的會合場所，看看是如何進行的吧。
QUEST_LV_0400_20161118_001206	跟隨兩位領主
QUEST_LV_0400_20161118_001207	兩個領主帶領著部下，前往怪物襲擊的地方。請趕快追上去。
QUEST_LV_0400_20161118_001208	把兩位領主從怪物手中救出
QUEST_LV_0400_20161118_001209	兩個領主失去所有的部下，好像面臨危機。請擊退襲擊兩個領主的所有怪物，拯救他們吧。
QUEST_LV_0400_20161118_001210	領主們好不容易逃命了。請與里烏達斯領主對話。
QUEST_LV_0400_20161118_001211	消滅威脅領主性命的怪物
QUEST_LV_0400_20161118_001212	里烏達斯領主好像心意改變了。請說服他。
QUEST_LV_0400_20161118_001213	里烏達斯領主透漏只要優庫巴斯領主同意的話，就願意協商。現在問問優庫巴斯領主的意思吧。
QUEST_LV_0400_20161118_001214	擺脫危機的兩個領主好像決定再次訂定彼此的邊界。聽里烏達斯領主說更詳細的內容吧。
QUEST_LV_0400_20161118_001215	與印德拉雅對話
QUEST_LV_0400_20161118_001216	冒險家印德拉雅好像與受傷的夥伴一起躲避怪物。問問她有什麼需要幫忙的吧。
QUEST_LV_0400_20161118_001217	收集席拉蒲公英的露水
QUEST_LV_0400_20161118_001218	印德拉雅說製作擊退怪物的藥物需要水。沒有水就蒐集希拉蒲公英花蕊上的露水給她吧。
QUEST_LV_0400_20161118_001219	這麼多的話，好像足以用來製作藥物了。請把蒐集的露水交給印德拉雅。
QUEST_LV_0400_20161118_001220	收集附近的%s
QUEST_LV_0400_20161118_001221	印德拉雅看破啟示者的真面目，為了王國要求幫助自己。請聽她的請求吧。
QUEST_LV_0400_20161118_001222	消滅庫凱利扎巴與庫凱利奏伊尼
QUEST_LV_0400_20161118_001223	印德拉雅請求阻止受到魔族唆使，正在追著他們的庫凱利族。請除掉周圍的庫凱利奏伊尼與庫凱利扎巴吧。
QUEST_LV_0400_20161118_001224	好像已除掉所有追擊印德拉雅的庫凱利族。請回到印德拉雅身邊。
QUEST_LV_0400_20161118_001225	消滅庫凱利奏伊尼跟庫凱利扎巴
QUEST_LV_0400_20161118_001226	擊倒庫凱利扎巴後，魔族指令書就從它懷裡出來了。搞不好印德拉雅可以理解內容，請交給她吧。
QUEST_LV_0400_20161118_001227	印德拉雅好像沒有成功解讀給她的指令書。但她好像還沒放棄，請再與她對話吧。
QUEST_LV_0400_20161118_001228	從庫凱利扎巴掌握住魔族的指令書
QUEST_LV_0400_20161118_001229	印德拉雅說再蒐集多一點其他的指令書，讓她一邊比較一邊調查，感覺就能以自己的能力推測出意思。請蒐集更多的指令書給她吧。
QUEST_LV_0400_20161118_001230	已蒐集印德拉雅要求的指令書數量。請交給她讓她能解讀吧。
QUEST_LV_0400_20161118_001231	從庫凱利扎巴身上獲取 %s 
QUEST_LV_0400_20161118_001232	印德拉雅透過許多指令書，好像推測出追自己的魔族目前狀況。現在問問她接下來要做的事。
QUEST_LV_0400_20161118_001233	消滅魔族巴爾泰力斯後回收王稜的箱子
QUEST_LV_0400_20161118_001234	印德拉雅說得擊退魔族巴爾泰力斯，回收他搶走的王陵的箱子，才能繼續調查王陵入口。找到正在調查亞沛伊高斯祭壇的巴爾泰力斯，並擊退他吧。
QUEST_LV_0400_20161118_001235	已成功擊潰巴爾泰力斯，並回收王陵的箱子。請回到印德拉雅身邊，把箱子交給她吧。
QUEST_LV_0400_20161118_001236	印德拉雅想解開找回的王陵的箱子謎題，並開啟箱子。問問她是否有可以幫忙的方法吧。
QUEST_LV_0400_20161118_001237	找出被魔法下咒的樹木啟動紋章的反應
QUEST_LV_0400_20161118_001238	印德拉雅說需要與顏色相關的提示。請找到她給的地圖上標示的被魔法詛咒的樹，使王家的紋章反應，調查發生什麼現象吧。
QUEST_LV_0400_20161118_001239	目擊了五棵樹各自散發不同顏色的光芒。請告訴印德拉雅看到的景象。
QUEST_LV_0400_20161118_001240	印德拉雅好像以箱子裡的石板記錄為基礎，找到新線索了。問問她打聽出什麼吧。
QUEST_LV_0400_20161118_001241	調查拉伊卡斯交叉路
QUEST_LV_0400_20161118_001242	印德拉雅說石板上有中央地區的位置及未知的字句。請跟她去拉伊卡斯交叉路，解開字句的謎題吧。看她給你的紙條的話，可再次確認字句。
QUEST_LV_0400_20161118_001243	靜候裝置反應
QUEST_LV_0400_20161118_001244	王的石像好像有什麼反應。請一直注意看會發生什麼事吧。
QUEST_LV_0400_20161118_001245	發現在傳承中代表守門者的隱藏柱子。請與守門者前面的印德拉雅對話。
QUEST_LV_0400_20161118_001246	印德拉雅好像在苦惱向守門者證明自己是王室的血脈的方法。請跟她討論有沒有好方法。
QUEST_LV_0400_20161118_001247	利用王家之紋章吸收 庫凱利的靈魂
QUEST_LV_0400_20161118_001248	印德拉雅請求為王家的紋章補充魔力。請解決周圍的庫凱利族，讓庫凱利的靈魂被紋章吸收吧。
QUEST_LV_0400_20161118_001249	王家的紋章好像差不多補充完魔力了。請把紋章交給印德拉雅吧。
QUEST_LV_0400_20161118_001250	雖然成功發現王陵入口，但好像很難再進行。問問印德拉雅現在打算怎麼辦。
QUEST_LV_0400_20161118_001251	收集庫凱利努瑪尼的魔杖
QUEST_LV_0400_20161118_001252	印德拉雅打算再封印王陵入口。好像很難再使用王家的紋章，請蒐集庫凱利努瑪尼的法杖給她吧。
QUEST_LV_0400_20161118_001253	好像已充分蒐集重新封印王陵入口需要的法杖數量。請把法杖交給印德拉雅，讓她能重新封印吧。
QUEST_LV_0400_20161118_001254	從庫凱利努瑪尼身上獲取 %s
QUEST_LV_0400_20161118_001255	印德拉雅雖然重新隱藏王陵入口，但知道事實的巴爾泰力斯剩下的合夥人好像很在意。請先與她對話。
QUEST_LV_0400_20161118_001256	消滅庫凱利部族
QUEST_LV_0400_20161118_001257	印德拉雅說還有受巴爾泰力斯指示的庫凱利，會妨礙守密。請照她的請求解決庫凱利族吧。
QUEST_LV_0400_20161118_001258	已除掉印德拉雅請求的庫凱利數量。請回去把這件事告訴她。
QUEST_LV_0400_20161118_001259	消滅庫凱利部族
QUEST_LV_0400_20161118_001260	傳說的證據
QUEST_LV_0400_20161118_001261	和亞奎爾拉斯對話
QUEST_LV_0400_20161118_001262	去跟亞奎爾拉斯對話吧！
QUEST_LV_0400_20161118_001263	採集周圍的植物
QUEST_LV_0400_20161118_001264	請幫助亞奎爾拉斯採集周圍的植物吧
QUEST_LV_0400_20161118_001265	與梅坎對話
QUEST_LV_0400_20161118_001266	請與梅坎對話
QUEST_LV_0400_20161118_001267	和烏格尼斯對話
QUEST_LV_0400_20161118_001268	去跟烏格尼斯對話吧！
QUEST_LV_0400_20161118_001269	取得比爾卡斯的發出臭味的毛
QUEST_LV_0400_20161118_001270	因造箭者之箭的搜查地為比爾卡斯的棲息地，難以進行搜查。烏格尼斯說把有比爾卡斯味道的毛帶著，身上會散發比爾卡斯的味道，怪物們就不會攻擊。請取得有比爾卡斯味道的毛。
QUEST_LV_0400_20161118_001271	消滅比爾卡斯跟比爾卡斯弓箭手以取得 %s
QUEST_LV_0400_20161118_001272	搜索比爾卡斯的 棲息地
QUEST_LV_0400_20161118_001273	雖然想確認比爾卡斯的棲息地是否有造箭者之箭，但因怪物的警戒而不容易搜查。請使用有比爾卡斯味道的毛，消除比爾卡斯的警戒後，於比爾卡斯的棲息地搜查造箭者之箭吧
QUEST_LV_0400_20161118_001274	到凱依內渡口去找傑諾納斯
QUEST_LV_0400_20161118_001275	烏格尼斯說傑諾納斯在凱依內渡口。請前往凱依內渡口，聽傑諾納斯的搜查狀況吧。
QUEST_LV_0400_20161118_001276	和傑諾納斯對話
QUEST_LV_0400_20161118_001277	去跟傑諾納斯對話吧！
QUEST_LV_0400_20161118_001278	前往梅坎的營地去看看
QUEST_LV_0400_20161118_001279	到梅坎的營地去阻止傑諾納斯吧！
QUEST_LV_0400_20161118_001280	去跟造箭者大師對話吧！
QUEST_LV_0400_20161118_001281	取得洛姆貝爾努卡的魔力精髓
QUEST_LV_0400_20161118_001282	為了製作造箭者之箭的探索裝置，需要洛姆貝爾努卡的魔力精髓。請除掉洛姆貝爾努卡，取得魔力精髓吧。
QUEST_LV_0400_20161118_001283	消滅洛姆貝爾努卡取得 %s
QUEST_LV_0400_20161118_001284	取得比爾卡斯的 精髓
QUEST_LV_0400_20161118_001285	為了控制洛姆貝爾努卡的精髓，需要比爾卡斯的精髓。請除掉比爾卡斯，取得比爾卡斯的精髓吧
QUEST_LV_0400_20161118_001286	消滅比爾卡斯後取得 %s
QUEST_LV_0400_20161118_001287	利用造箭者之箭探測裝置取得造箭者之箭
QUEST_LV_0400_20161118_001288	請用完成的造箭者之箭探索裝置，尋找造箭者之箭吧
QUEST_LV_0400_20161118_001289	梅伊班的遺願
QUEST_LV_0400_20161118_001290	和祭司林塔斯對話
QUEST_LV_0400_20161118_001291	去跟祭司林塔斯對話
QUEST_LV_0400_20161118_001292	找尋變身魔法解除文件
QUEST_LV_0400_20161118_001293	請依怪物找回分散的解除變形魔法文件。
QUEST_LV_0400_20161118_001294	找到了%s 
QUEST_LV_0400_20161118_001295	利用活力之球去取得寶珠
QUEST_LV_0400_20161118_001296	解除封印需要的寶珠因怪物分散了。祭司林塔斯想利用活力之球找回寶珠。使用活力之球的話，珠裡的魔力會流出，移動至寶珠。請跟隨活力之球裡散發的魔力，尋找寶珠吧。
QUEST_LV_0400_20161118_001297	跟隨祭司林塔斯
QUEST_LV_0400_20161118_001298	祭司林塔斯已找到卡杜梅爾國王的紀念碑。請跟隨祭司林塔斯。
QUEST_LV_0400_20161118_001299	與祭司林塔斯一起尋找卡杜梅爾國王
QUEST_LV_0400_20161118_001300	祭司林塔斯想尋找卡杜梅爾國王的第二個紀念碑。與他一起尋找卡杜梅爾國王的第二個紀念碑吧。移動亞卡汀三岔路口的話，林塔斯會探索周圍。
QUEST_LV_0400_20161118_001301	找尋美泰爾藥草
QUEST_LV_0400_20161118_001302	因為紀念碑附近的蕨葉散發的孢子，祭司林塔斯出現麻痺症狀。緩和麻痺症狀需要米泰力藥草。請於亞烏斯內空地及其周圍取得米泰力藥草。
QUEST_LV_0400_20161118_001303	取得比爾卡斯的閃亮亮皮膚
QUEST_LV_0400_20161118_001304	因為紀念碑周圍的蕨葉，所以難以確認紀念碑，得將蕨葉全燒掉。請用比爾卡斯乾燥的皮膚燒掉蕨葉吧
QUEST_LV_0400_20161118_001305	燃燒蕨葉
QUEST_LV_0400_20161118_001306	請利用比爾卡斯乾燥的皮膚，燒掉蕨葉吧。
QUEST_LV_0400_20161118_001307	利用探測器尋找卡杜梅爾國王的紀念碑
QUEST_LV_0400_20161118_001308	祭司林塔斯的蕨葉孢子後遺症似乎還沒消失。請用探測器來代替尋找卡杜梅爾國王的紀念碑
QUEST_LV_0400_20161118_001309	用探測器發現看起來像紀念碑的東西。請告訴林塔斯這件事。
QUEST_LV_0400_20161118_001310	去跟祭司林塔斯對話吧！
QUEST_LV_0400_20161118_001311	尋找卡杜梅爾國王第3個紀念碑碎片
QUEST_LV_0400_20161118_001312	雖然找到了卡杜梅爾國王的第三個紀念碑，但許多部份已毀損，很難掌握紀念碑的內容。想掌握紀念碑的內容的話，得找到紀念碑破片。請仔細觀察周圍的石頭碎片，尋找紀念碑破片吧。
QUEST_LV_0400_20161118_001313	除草作業
QUEST_LV_0400_20161118_001314	與祭司奇達斯對話
QUEST_LV_0400_20161118_001315	去跟與祭司奇達斯對話吧！
QUEST_LV_0400_20161118_001316	取得比爾卡斯的唾液腺
QUEST_LV_0400_20161118_001317	卡杜梅爾國王的紀念碑被硬草纏繞住，難以閱讀內容。想製作除草劑，移除硬草。聽說餵比爾卡斯吃米堤哈林草的話，會從比爾卡斯的唾液腺中產生可移除硬草的口水。請於比爾卡斯變弱時餵米堤哈林草，取得比爾卡斯的唾液腺吧。
QUEST_LV_0400_20161118_001318	去見祭司布魯納斯
QUEST_LV_0400_20161118_001319	祭司奇達斯說很擔心去了芙塔斯空地還沒來的祭司布魯納斯。請於普達斯空地尋找祭司布魯納斯吧。
QUEST_LV_0400_20161118_001320	祭司布魯納斯對話
QUEST_LV_0400_20161118_001321	去跟祭司布魯納斯對話吧！
QUEST_LV_0400_20161118_001322	回收造箭者之箭
QUEST_LV_0400_20161118_001323	去回收造箭者之箭吧！
QUEST_LV_0400_20161118_001324	與奧爾拉對話
QUEST_LV_0400_20161118_001325	去跟奧爾拉對話吧！
QUEST_LV_0400_20161118_001326	去見里耶爾
QUEST_LV_0400_20161118_001327	歐拉說梨耶默默地出去難民村外面。因為難民村外面都是危險的怪物，所以歐拉很擔心。請尋找梨耶吧。
QUEST_LV_0400_20161118_001328	尋找白樹林飛蛾的蟲蛹
QUEST_LV_0400_20161118_001329	梨耶說修理營地需要白木飛蛾的繭。請代替面對怪物會不安全的歐拉與梨耶，蒐集白木飛蛾的繭吧。
QUEST_LV_0400_20161118_001330	把白樹林飛蛾的蟲蛹轉交給奧爾拉
QUEST_LV_0400_20161118_001331	已取得白木飛蛾的繭。請回到歐拉身邊，把繭交給她吧。
QUEST_LV_0400_20161118_001332	從附近的樹林裡尋找 %s 
QUEST_LV_0400_20161118_001333	和柯提斯對話
QUEST_LV_0400_20161118_001334	去跟柯提斯對話吧！
QUEST_LV_0400_20161118_001335	利用糧食來取得實用的物品
QUEST_LV_0400_20161118_001336	柯提斯說難民的糧食不足。請抓到普羅雷比，取得頭上的花吧。
QUEST_LV_0400_20161118_001337	這麼多的話，好像就足夠了。請帶去給柯提斯。
QUEST_LV_0400_20161118_001338	消滅普羅雷比取得 %s 
QUEST_LV_0400_20161118_001339	製作柵欄修理工具需要的木材
QUEST_LV_0400_20161118_001340	柯提斯說雖然為了幫助難民們免於怪物侵擾，製作了柵欄，但因為很粗劣，隨時得修理才行。他說要加工木頭，用做成的材料修理柵欄。請取得可用的木頭後，使用木材製作道具，製作柵欄修理用木材吧。
QUEST_LV_0400_20161118_001341	修理柵欄
QUEST_LV_0400_20161118_001342	使用修理柵欄用的木材來維修柵欄吧！
QUEST_LV_0400_20161118_001343	已修理所有柵欄。問問柯提斯還有沒有需要幫忙的吧。
QUEST_LV_0400_20161118_001344	取得普羅雷比的皮革
QUEST_LV_0400_20161118_001345	聽說米雪勘森林到了晚上就會變很冷。所以雖然難民們活用普羅倫的皮，製作衣服與寢具，但聽說普羅倫很凶狠，並不容易。請除掉普羅倫，取皮給他們吧。
QUEST_LV_0400_20161118_001346	已取得所有皮。現在請帶去給柯提斯。
QUEST_LV_0400_20161118_001347	取得蘭朵林草
QUEST_LV_0400_20161118_001348	柯提斯說白木上有毒。毒滲入地下水，現在水已經不能喝了。將蘭朵林草放進水中的話，毒性就會被淨化。請將未淨化的地下水灑在地面，尋找葉子變黃的蘭朵林草吧。
QUEST_LV_0400_20161118_001349	已取得足夠的蘭朵林草，請回到柯提斯身邊。
QUEST_LV_0400_20161118_001350	去跟柯提斯對話吧！
QUEST_LV_0400_20161118_001351	回收零件布袋
QUEST_LV_0400_20161118_001352	纜車變得很舊，容易有小故障。每當有小故障時，就必須修理，但怪物們偷走了裝有修理零件的布袋。請消滅怪物，回收布袋吧。
QUEST_LV_0400_20161118_001353	已回收所有零件布袋。現在請帶去給柯提斯。
QUEST_LV_0400_20161118_001354	消滅怪物回收 %s 
QUEST_LV_0400_20161118_001355	消謬農耕地裡的怪物
QUEST_LV_0400_20161118_001356	柯提斯說因為農耕地裡的怪物，而難以種田。請消滅怪物，找回農耕地吧。
QUEST_LV_0400_20161118_001357	消滅帕貝凱利亞農耕地的 %s 
QUEST_LV_0400_20161118_001358	柯提斯請求將難民們的狀況告訴大都市。請向柯拉佩達的騎士團長烏斯卡告訴他們的狀況，並請求幫忙吧。
QUEST_LV_0400_20161118_001359	回收散落四處的文件
QUEST_LV_0400_20161118_001360	已獲得文件